Team,3 point attempts,3 point %,3 point attempts allowed,3 point % allowed,field goal attempts,2 point %,field goal attempts allowed,2 point % allowed,Fouls per game,opponent fouls per game,Attempted Free throws,Opponent Attempted Free throws,Free throw %,Turnover,Turnover (Against),Possessions,Offensive rebounds,Offensive rebounds (against),Defensive rebounds,Defensive rebounds (against),Win %,Close game win %
Abl Christian,20.4,0.318,19.9,0.332,57.5,0.519,54.7,0.523,21,17.4,18.1,23.6,0.706,14.5,15.4,72.9,8,8,21.9,23.9,0.429,0.583
Air Force,24.4,0.325,23.3,0.397,56.1,0.468,54.4,0.513,18.1,18.7,17.9,18.1,0.738,12.8,14,68.8,8.7,8,21.7,25.1,0.345,0.6
Akron,26.5,0.356,22.6,0.361,57,0.499,55.8,0.541,20,17.3,17.9,21.8,0.696,13.8,13,71.4,7.7,7.9,21.8,23.5,0.419,0.667
Alab A&M,19.4,0.303,19.2,0.383,54.7,0.448,59.5,0.523,16.3,17,17.2,17.7,0.647,16.6,11.4,70.1,8.6,10,21.1,23.7,0.097,0
Alabama,19.5,0.326,22.2,0.328,54.9,0.535,58.6,0.469,18.8,19.9,23,21.4,0.67,14.3,13.1,71.7,8.8,9.6,24.6,22.4,0.556,0.539
Alabama St,20.6,0.328,20.4,0.377,59.3,0.452,57.9,0.493,20.9,19,20.9,27,0.646,14.1,12.9,73.2,10.3,10.4,21.8,25.2,0.258,0.429
Albany,15.5,0.368,20.3,0.326,56.9,0.487,56.5,0.516,16.3,19.5,21,15.3,0.755,11.7,11.4,68.6,9.8,6.8,23.2,20.3,0.677,0.571
Alcorn State,20.9,0.333,23.9,0.363,55.8,0.474,58,0.504,19.5,17.4,18.8,23.3,0.723,14.5,12.5,71.2,8,10.4,22.4,23.5,0.25,0.5
American,23.6,0.337,17.3,0.383,53.8,0.507,53.2,0.536,18.3,16.6,16.4,21.7,0.664,13.8,13.8,69,6.7,8,19.8,24.6,0.2,0.273
App State,25.5,0.333,19,0.379,59.4,0.498,58.8,0.487,18.9,20.4,21.9,21.5,0.67,13.5,12.4,74.2,9.1,7.2,24.2,25.1,0.419,0.5
AR Lit Rock,19.1,0.318,23.6,0.351,54.2,0.473,54.6,0.494,19.6,16.7,17.4,22.1,0.615,14.7,13.4,69.1,8,9.6,22.2,23.7,0.2,0.125
Arizona,18.3,0.369,20.8,0.358,57.3,0.567,58.5,0.478,17.2,19.6,21.2,18.2,0.76,12.2,11.6,70.9,9,7.3,25.5,18.9,0.771,0.571
*Arizona St,24.8,0.363,23.9,0.342,60,0.533,60,0.502,18.9,21.5,24.8,19.7,0.733,10.8,14.8,74.5,8.3,9.4,23.8,23.7,0.625,0.4
Ark Pine Bl,18.9,0.329,19.7,0.329,53.2,0.497,54.8,0.491,19.5,17.4,19.5,24.5,0.675,14.3,15.2,70.2,7.2,10.7,19.6,23.8,0.4,0.625
Arkansas,19.5,0.395,24.1,0.357,60.5,0.512,57.9,0.482,20,19.4,22.7,23.7,0.681,10.9,14,73.5,8.6,9.7,23.1,23.3,0.657,0.875
Arkansas St,21.8,0.332,19.8,0.382,59.4,0.492,58,0.553,18.5,18.6,19.6,20.4,0.711,13.2,13.3,72.5,9.1,8.7,20.8,24.5,0.3,0.556
Army,25.4,0.381,23.3,0.362,61.2,0.488,56.9,0.511,19.9,15.7,15,21.7,0.652,13.4,14.1,73.3,8.2,8.3,23.5,25.4,0.414,0.2
Auburn,26.7,0.357,22.9,0.351,61.8,0.487,57.7,0.478,19.8,20.6,24.6,22,0.774,12.1,15.2,74.8,10.6,8.6,24.3,23.8,0.765,0.6
Austin Peay,17.3,0.348,19.9,0.371,58.5,0.49,54,0.521,19.8,21,21,21.3,0.661,13.8,15.4,71.5,11.1,7.7,20.8,22.1,0.531,0.625
Ball State,22.7,0.339,22.2,0.366,59.5,0.517,61.7,0.463,17.4,19,19.8,18.5,0.705,13.2,12,73.4,8.8,9.1,26.2,24.5,0.581,0.5
Baylor,17.5,0.354,22.8,0.334,58.7,0.513,59.2,0.462,18,18.2,18.9,17.9,0.734,13.6,11.8,70.6,10.5,9.3,24.1,19.5,0.546,0.375
Belmont,30.5,0.376,20.6,0.335,56.2,0.617,58.9,0.481,16.1,17.3,15.7,15.8,0.739,12.4,11.6,69.8,6.6,7.8,24.8,22.1,0.727,0.5
Beth-Cook,23.4,0.312,21.6,0.336,63.1,0.51,64.7,0.476,21.2,21.3,26,24.7,0.702,15.9,13.7,79.6,11.7,10.6,26.9,24.3,0.533,0.444
Binghamton,21.3,0.348,19.4,0.387,56.4,0.481,56,0.482,17.3,15.9,16.9,18.1,0.637,12.3,11.4,68.6,8.1,7.4,23.6,24.5,0.31,0.333
Boise State,25,0.375,21.5,0.33,59.4,0.52,58,0.484,17.8,17.5,18.4,17.1,0.737,13.5,11.8,72.9,8.5,5.3,27.2,22.8,0.71,0.636
Boston Col,23.7,0.359,24.4,0.361,60.1,0.51,60.3,0.502,16.3,17.5,18.5,16.3,0.741,12.6,12.4,72.2,9.3,8.2,25,24.1,0.543,0.556
Boston U,19.4,0.373,23,0.358,55.4,0.511,57,0.522,17.1,17.7,18.2,17.1,0.637,13.8,13.8,70.2,7.6,8.8,22.4,22.1,0.467,0.556
Bowling Grn,21.3,0.343,21.8,0.363,61,0.451,60.8,0.511,17.9,20,22.3,19.4,0.735,12.8,12.2,74.4,9.5,8.4,25.2,26,0.467,0.364
Bradley,18.4,0.357,22.3,0.333,53.7,0.465,53.7,0.462,18.9,19.1,20.3,19.1,0.712,13.2,13.4,67.5,9.2,8.4,23.3,21.9,0.594,0.625
Brown,21.4,0.321,20.5,0.37,59.7,0.486,57.7,0.539,20.8,20.5,24.1,23.1,0.748,13.6,14.2,75.5,9,7.7,23.7,24.6,0.385,0.5
Bryant,24.4,0.343,24.5,0.405,60.7,0.455,60.2,0.554,19.4,17,16.8,19.9,0.705,12.9,12.7,72.8,8.1,10.2,20.8,26.5,0.097,0.333
Bucknell,23,0.348,19.3,0.331,58.6,0.55,61.1,0.47,18.7,21.2,24.9,21.1,0.719,12.5,12.5,74.9,8.1,8.7,26.2,24,0.714,0.546
Buffalo,26.2,0.371,20.3,0.331,64.8,0.543,60.5,0.484,21,18.3,19.3,23.9,0.699,12.3,13.5,76.2,10.2,9,24.6,23.7,0.743,0.625
Butler,23,0.357,21,0.373,61.6,0.543,55.8,0.495,18.3,16.7,16.1,19.7,0.776,11.2,13.8,72.6,7.5,6.8,23.3,22.9,0.6,0.5
BYU,18.5,0.347,21.3,0.336,54.4,0.553,55.9,0.519,17,18.3,20.5,15.9,0.75,11.5,12.7,69.9,5.8,6.2,24.2,22.4,0.686,0.6
Cal Poly,24.2,0.359,18.8,0.401,58.4,0.414,57.7,0.498,18.7,16.1,15.6,20,0.785,11.9,11.2,70,7.4,8.8,21.6,26,0.241,0.625
Cal St Nrdge,16.9,0.347,18,0.363,56,0.459,57.9,0.517,17.8,16.2,15.9,19,0.712,12.3,11,68.7,6.8,9.6,21.4,25.3,0.143,0
California,16.1,0.286,22,0.394,58.7,0.451,56.3,0.516,20.3,19.8,22.4,21.6,0.682,14.8,13.9,72.5,11.3,8.4,21.3,23.2,0.258,0.571
Campbell,23.5,0.381,20.8,0.348,54.5,0.526,56.9,0.518,16.9,16.3,18.5,18.5,0.767,11.8,11.9,69.8,5.7,7.4,23.5,23.8,0.484,0.4
Canisius,26.5,0.348,19.5,0.321,58.8,0.559,55.3,0.518,18.9,17.3,17.6,20.8,0.711,13,15.2,71.7,8.4,8.7,21.7,22.5,0.636,0.25
Central Ark,23.2,0.356,20.1,0.36,61.6,0.507,62.6,0.494,19.7,19.6,22.2,23.7,0.735,13.9,14.4,77.2,8.6,11.1,23.9,25.4,0.5,0.364
Central Conn,18.8,0.329,23.7,0.364,54.4,0.518,58.1,0.49,17.2,17.6,17.8,17.5,0.699,14.8,11.3,69,8.8,8.4,23.2,20.6,0.438,0.583
Central FL,16.8,0.329,19,0.331,50.8,0.471,55.9,0.437,15.3,19.5,21.9,14.7,0.641,13.5,12.3,66.6,8,8.6,23.3,22.5,0.594,0.444
Central Mich,27.8,0.344,25.2,0.345,59.5,0.505,60.2,0.531,16.3,18.5,20.1,16.4,0.804,11.9,12.5,71.3,9.2,9.5,22.5,23,0.546,0.7
Charl South,20.4,0.326,24.1,0.392,56.9,0.49,52.9,0.499,16.7,16.4,17.8,18.5,0.733,13.2,15,69.1,9.1,7.9,21.2,23.3,0.429,0.4
Charlotte,19.3,0.346,21.7,0.371,56,0.465,60.5,0.542,17.9,18.8,21.8,19.2,0.714,14.9,12.7,73.4,8.2,8.6,22.9,24.9,0.179,0.333
Chattanooga,23.3,0.348,19.8,0.362,54.3,0.485,56.9,0.557,15.4,19.4,18.8,15.9,0.71,14.1,13.2,70,7.7,7.2,21,23.5,0.258,0.333
Chicago St,17.2,0.314,23.8,0.406,58.1,0.436,59.7,0.579,21.6,18.3,18.4,24.6,0.731,15.2,13.2,74.3,7.9,10.2,20.1,26.5,0.033,0
Cincinnati,20.6,0.353,20.8,0.309,58.3,0.502,54.8,0.414,15.6,18.2,21,14.7,0.692,11.2,14.3,67.9,11.8,8,24,19.6,0.861,0.5
Citadel,35,0.334,28.6,0.373,65.7,0.479,66.3,0.574,18.6,18.8,21.4,20.2,0.699,14.8,15.4,80.5,9.6,11.3,22.9,29,0.276,0.556
Clemson,22.5,0.366,21.7,0.352,56.3,0.516,58.1,0.439,16.1,17.6,18.9,15.8,0.755,11.8,11.8,69.4,7.7,8,25.6,22.3,0.714,0.6
Cleveland St,24.2,0.34,23,0.359,55.8,0.504,58.7,0.525,17.1,16.9,16.4,18.2,0.704,13.1,13.5,70.6,6.6,9.7,21.4,25.8,0.324,0.533
Coastal Car,20.4,0.333,25.4,0.349,55.9,0.484,56,0.474,19.7,19.3,21.7,22.5,0.726,15.3,12.4,71,10,8.5,24.2,21.2,0.379,0.462
Col Charlestn,20.9,0.359,20.5,0.346,56,0.52,56.3,0.487,16.8,18.1,20.5,18.1,0.762,10.2,12,68.8,7.2,8,23.3,22.8,0.75,0.6
Colgate,26,0.363,22.3,0.367,57.2,0.49,55.3,0.518,16.6,16.9,16.6,16.2,0.772,11,13.1,68.4,8,7.3,22,24.5,0.563,0.583
Colorado,21,0.358,23.2,0.357,57.5,0.488,59.6,0.466,19.3,18.6,19.1,20.3,0.729,14.1,10.6,72,8.4,8.3,25.9,22.8,0.531,0.833
Colorado St,21.2,0.33,26.2,0.358,60.2,0.464,59.9,0.537,19.5,19.4,20.4,21.5,0.719,13.5,12.5,73.5,10.4,8.8,24.7,24.6,0.323,0.375
Columbia,26.5,0.372,26.3,0.384,61.8,0.499,59.6,0.516,18.9,16.1,15.1,19.1,0.74,12.7,13,72.9,8.5,9.2,24.1,25.3,0.269,0.111
Connecticut,20.6,0.326,24.7,0.364,57.3,0.466,58,0.485,18.5,17,18.5,19.7,0.745,12.6,12.5,69.8,8.9,9.9,22,23.7,0.438,0.625
Coppin State,27.2,0.305,22.9,0.337,57,0.41,59.3,0.483,20.3,15.4,15.5,22.3,0.736,14.4,12.6,72.2,6.8,10.2,23.1,28,0.156,0.4
Cornell,22.6,0.334,23.7,0.393,57.6,0.54,63.4,0.499,17.7,18.8,20.2,18.3,0.731,13.3,11.4,73.6,6.9,9.8,24.4,24.5,0.407,0.5
Creighton,27.7,0.372,23.8,0.336,61.8,0.587,63.4,0.5,15.5,16.3,16.3,15.8,0.75,11.4,11.6,74.5,6.4,8.1,27.2,24.6,0.625,0.429
CS Bakersfld,20.3,0.298,22.4,0.355,55,0.475,52.9,0.485,20.7,19.3,19.1,23.6,0.684,13.9,12.9,68.8,9.2,8.1,22.3,22.6,0.333,0.333
CS Fullerton,15.1,0.338,19.4,0.364,52.6,0.52,58.3,0.45,18.4,20.1,24,20.5,0.732,14.6,12.8,72.1,6.4,8.7,24.4,22.2,0.6,0.727
Dartmouth,20.4,0.36,23.2,0.351,53.8,0.497,57.6,0.555,15.9,17,17.7,14.7,0.71,13.6,12.3,69.2,6.8,7.5,22,23.7,0.231,0.333
Davidson,27.5,0.389,23.1,0.349,56.8,0.565,55.4,0.503,15.2,15.9,14,16.4,0.798,9.5,10.7,67,6,6.8,24.3,22.5,0.636,0.444
Dayton,23.7,0.337,22.1,0.383,53.9,0.595,56.6,0.525,16.5,17.4,17.1,16.5,0.731,13.7,12.5,69,7.2,7.6,22.3,21.3,0.452,0.4
Delaware,17.8,0.329,22.6,0.37,56.5,0.507,57.8,0.512,16.6,18.3,19.4,17.1,0.659,10.6,10,68.2,7.7,8.1,23.6,24.5,0.387,0.4
Delaware St,18.3,0.332,25.8,0.389,55.2,0.461,57.3,0.538,17.6,15.1,15.7,20.5,0.697,15.4,12.3,69.6,8,10.1,20.6,22.5,0.067,0
Denver,17.6,0.395,24.7,0.336,55.8,0.493,57,0.52,18.9,18.8,18.3,21.1,0.698,15.1,10.9,70.8,8.5,7.3,24.7,21.5,0.464,0.667
DePaul,20.2,0.31,24.8,0.371,61.7,0.486,57.7,0.492,17.8,18,18.1,18.6,0.708,13.9,14.4,73.1,10.5,8.3,23.7,23.7,0.355,0.125
Detroit,25.2,0.333,23.7,0.406,62.3,0.485,61.8,0.541,20.2,18.2,19.4,23.2,0.763,13.6,12.9,76.7,8.2,9.4,22.9,26.1,0.2,0.5
Drake,23.2,0.356,22.9,0.336,58.1,0.484,61.4,0.523,15.6,17.3,18.7,15,0.767,12.2,12,72.3,6.6,8.5,24.4,25.6,0.485,0.539
Drexel,21.1,0.321,20.4,0.363,60.5,0.502,62.2,0.511,17.5,18.2,19.2,19,0.719,12.3,11.1,72.6,9.4,9.5,23.3,24,0.375,0.563
Duke,22.5,0.372,23.5,0.32,61.8,0.56,63.9,0.454,15.5,18.1,21.4,14.2,0.71,12.4,12.2,72.8,11.9,9.8,26.5,19.8,0.784,0.222
Duquesne,23.3,0.35,17.9,0.335,58.6,0.478,55.3,0.51,18.7,17.5,20.7,20.2,0.685,12,12.5,69.7,10.5,8,22.6,23.1,0.5,0.5
E Carolina,19.9,0.305,21.2,0.353,57.4,0.496,60.3,0.506,17.7,16.1,16.5,18.7,0.666,14.4,12,71,8.5,10.3,22.4,23.6,0.333,0.667
E Illinois,20.2,0.353,21.1,0.385,55.6,0.446,54.9,0.485,16.6,16.8,17.9,18.3,0.69,13.6,12.9,67.9,9.3,8.9,22.1,23.6,0.345,0.455
E Kentucky,20.5,0.351,20.6,0.398,56.4,0.482,57.4,0.529,17.6,17.7,18.8,20.1,0.738,13.3,13.3,70.9,7.9,9.2,21.4,23.7,0.31,0.546
E Michigan,19.5,0.336,22.5,0.346,57.1,0.52,57.2,0.447,16.6,16.8,16.6,18.1,0.682,12.6,13.5,69,8.8,10.2,23.5,22.2,0.581,0.6
E Tenn St,20.7,0.347,23,0.32,56.6,0.548,56.5,0.464,18.4,17.5,18.8,18.9,0.713,13.7,14.3,71,8.6,8.4,25.3,21.6,0.719,0.429
E Washingtn,23.4,0.379,19,0.358,57.2,0.52,56.9,0.496,19.1,16.7,16,20.2,0.765,11.7,11.8,70.5,6.2,7.4,24.1,24.2,0.546,0.556
Elon,29.8,0.347,28,0.371,59.4,0.525,63.7,0.5,15.8,15.5,14.3,15,0.706,11.7,10,71.2,6.6,9.7,25.3,26.2,0.4,0.625
Evansville,14.1,0.398,22.6,0.344,51.4,0.445,52.8,0.485,18.3,18.5,17.8,17.4,0.782,13.8,13.8,67.8,5.9,7.1,22.8,22.5,0.5,0.5
F Dickinson,19.9,0.339,22.7,0.36,59.6,0.493,59.5,0.501,18.3,18,18.3,21.4,0.726,13.7,13.8,72.5,9.5,10.9,21.9,23.5,0.379,0.444
Fairfield,27.1,0.339,20.9,0.393,60.9,0.518,59,0.49,20.1,18.1,18.8,21.7,0.71,12.8,13.8,74.8,7.8,8.3,24.1,26.3,0.515,0.539
Fla Atlantic,17.4,0.319,18.7,0.329,61.1,0.423,59.3,0.491,18.4,15.5,17.8,19.4,0.736,12.9,11.7,72.2,9.7,8.4,24.8,26.6,0.321,0.364
Fla Gulf Cst,19.3,0.373,23,0.34,59.9,0.549,59.7,0.492,18.9,18,20,21,0.742,14.3,13.9,75,9.1,8.1,25.7,21.3,0.625,0.25
Florida,24.5,0.37,19.1,0.352,60.7,0.474,57.2,0.465,17.4,17.9,19.8,18.5,0.718,9.9,13.8,70.9,9.3,8.6,23,24.8,0.618,0.222
Florida A&M,18,0.351,20.6,0.348,58.2,0.448,59.8,0.544,18.1,17.3,18.7,21.7,0.732,13.8,13.2,72.6,8,11.1,19.9,25.1,0.242,0.5
Florida Intl,19.4,0.313,22.4,0.337,60.1,0.472,57.8,0.506,18.3,17.3,21.9,20.1,0.616,11.2,14.2,73,8.7,8.6,24.1,27.6,0.379,0.5
Florida St,22.3,0.35,22.9,0.355,60.7,0.537,60.8,0.454,18.6,18.8,22.5,19.7,0.691,13,14.1,74.6,10.2,9.3,24.6,22.7,0.657,0.5
Fordham,25.4,0.288,18.8,0.351,54.2,0.521,56.1,0.521,15.8,14.7,14.6,17,0.708,12.5,14.2,68.5,5.2,9.7,20.7,26.4,0.29,0.5
Fresno St,17,0.39,18.5,0.368,55.7,0.527,54.1,0.467,19.7,20.1,21.4,21.1,0.702,12,13.1,70.3,7.5,6.9,23.6,22.9,0.633,0.4
Furman,28.3,0.353,21.2,0.32,60,0.568,57.5,0.514,16.5,16.2,16.9,17.2,0.706,11.6,14.5,71.4,8.2,8.7,23.2,23.8,0.677,0.5
GA Southern,23.3,0.336,22.9,0.325,59.7,0.484,57.9,0.504,19.3,19.9,22.8,20.4,0.663,11.3,14.3,71.8,10.2,9.9,23.3,25.6,0.613,0.5
GA Tech,15.3,0.318,18.7,0.379,55.3,0.466,56,0.454,16.7,17,19.3,17.8,0.713,12.8,12.6,68,9.3,9.1,22.3,22.3,0.406,0.444
Gard-Webb,20.1,0.34,22.5,0.332,56.4,0.481,57.2,0.508,18.4,15,15.8,21.3,0.734,13.9,11.9,70.7,7.4,8.3,23.8,24.2,0.379,0.546
Geo Mason,21.4,0.326,23.9,0.353,59.1,0.491,60.4,0.515,16.4,17.7,18.8,18.6,0.742,12.9,11.4,72.6,8,8.4,25.5,24.6,0.485,0.909
Geo Wshgtn,17,0.321,19.5,0.357,56.4,0.502,57.3,0.503,14.7,16,16.3,16.1,0.709,12.7,11.3,67.6,9.5,8.5,22.1,21.8,0.455,0.5
Georgetown,20.6,0.366,24.8,0.348,58.8,0.501,62.3,0.499,17.7,19,22.5,17.6,0.775,15.3,12.6,75.2,9.4,8.1,26.2,22.7,0.5,0.4
Georgia,19.2,0.318,22.5,0.332,55.3,0.474,59.8,0.431,16.2,20.2,22.2,16.6,0.699,12.7,9.6,68.3,10.6,8.8,25.7,21.4,0.546,0.546
Georgia St,23.7,0.387,25.8,0.338,57.2,0.509,55.9,0.44,18.5,16.4,17.7,21.6,0.684,11.4,14,69.8,7.2,10.5,22.9,23.6,0.667,0.375
Gonzaga,24.1,0.368,21,0.35,61.1,0.582,58.9,0.441,17.1,18.4,19.6,17.1,0.708,11.4,12.3,72.3,9.5,6.9,26.6,20.9,0.865,0.6
Grambling St,15,0.326,21.4,0.317,59.6,0.445,58.3,0.5,21.6,20.7,24.3,25,0.707,15.5,14.9,75.9,10.1,9.8,24.1,24,0.533,0.727
Grd Canyon,23,0.317,17,0.275,58.8,0.492,55.7,0.456,20.3,21.9,23,21.8,0.702,13.3,15.2,72.4,10.8,8.8,25.2,24.6,0.636,0.375
Hampton,18.3,0.32,22.5,0.333,62.9,0.491,63,0.482,19.8,18.7,21.3,22.5,0.768,12.6,12.6,76.6,8.8,9.9,26.1,24.6,0.5,0.429
Hartford,23.6,0.344,23.3,0.344,55.3,0.536,56.6,0.508,18.3,17,17.3,18.9,0.685,12.3,12.3,69.3,6.8,8.3,23.3,23.3,0.563,0.556
Harvard,22.9,0.354,21.4,0.341,55.6,0.485,53.7,0.477,17.8,16.7,15.4,18.9,0.779,13.9,12.5,69,7.7,6.3,24.5,22.9,0.548,0.5
Hawaii,20.4,0.325,19.4,0.331,53.9,0.509,53.8,0.501,19.7,21.4,22,20.8,0.689,13.6,13.8,70.5,7.8,6.6,22.7,22.6,0.536,0.636
High Point,15.5,0.359,20.3,0.348,55.2,0.476,52.4,0.488,18.6,16.6,18.8,21,0.703,12.7,13.6,68.2,8,8.3,21.6,22.1,0.407,0.333
Hofstra,22.2,0.373,21,0.36,59.9,0.516,59,0.543,18.7,19.5,21.9,19.2,0.68,10.9,11.5,71.8,9.4,7.8,23.4,22.7,0.6,0.692
Holy Cross,20.1,0.326,23.7,0.354,50.6,0.551,53.3,0.493,17.3,15.1,15,18.1,0.69,12.3,12.9,65.6,4.7,8.9,21,22.9,0.387,0.546
Houston,21.9,0.387,20.4,0.324,59,0.505,53.9,0.438,21.1,18.5,19.3,22.4,0.718,11.9,13.1,70,10.1,7.7,25.4,20.3,0.771,0.636
Houston Bap,22.1,0.328,21.5,0.397,65.1,0.444,61,0.542,20.2,20.5,23.1,23.6,0.621,14.3,14.2,77.3,12.6,9.6,21.9,26.4,0.107,0
Howard,23.3,0.349,22,0.353,60.6,0.467,60.9,0.537,20.5,19.5,20.9,23.3,0.703,13.1,13.7,74.8,9.2,10.6,21.7,24.6,0.258,0.375
Idaho,22.1,0.411,24.2,0.352,56.4,0.503,57.1,0.481,17.7,18.1,17.2,17.2,0.733,13.2,10.9,69.2,8.5,7.1,24.6,20.5,0.69,0.6
Idaho State,21.3,0.394,20.4,0.343,54.7,0.524,59.1,0.531,17.7,19.3,18.9,18.4,0.682,13,11.8,71.2,5.5,8.5,22.9,24.5,0.429,0.556
IL-Chicago,19.6,0.349,20.8,0.323,58.9,0.498,62.9,0.458,19.5,18.5,20.8,21.5,0.734,15.4,12.7,75.8,8.7,9.7,26.1,23.7,0.529,0.286
Illinois,22,0.332,18.3,0.345,60.7,0.498,52.4,0.541,22.5,20.2,20.1,25.1,0.733,13.3,16.6,72.9,10.5,8,19.7,22.5,0.419,0.429
Illinois St,26.7,0.336,23.3,0.313,57.9,0.494,59,0.503,20.6,17.9,19.6,22.6,0.687,13.4,12.8,72.6,8.1,9.8,24.1,25.5,0.531,0.778
Incar Word,17.5,0.346,20.8,0.376,53.6,0.454,61.8,0.506,18.9,19.7,22,20.9,0.749,16.5,12.7,73.3,7.6,10.7,21.3,23.4,0.125,0.25
Indiana,19.4,0.322,20.6,0.367,57,0.525,56.5,0.484,18.1,18.9,20.8,18.2,0.657,12.5,13.5,69.8,9.8,8.5,23.4,22.7,0.516,0.625
Indiana St,24.4,0.359,20.4,0.357,58.5,0.465,55,0.501,20,18.6,19.9,23.1,0.716,14.4,14.2,73.5,8.6,7,24.4,25.7,0.379,0.357
Iona,24.9,0.383,21.9,0.358,61.1,0.515,61.8,0.517,17.3,17,18.4,17.7,0.738,11.6,13.6,74,7.2,10,23.6,25.1,0.588,0.571
Iowa,20.4,0.375,22.9,0.376,59.8,0.533,62.5,0.512,16.6,19.5,21.2,17.5,0.695,13.4,11.1,72.7,10.6,9.1,24.6,21.9,0.424,0
Iowa State,21.1,0.358,24.8,0.339,60.3,0.479,62.5,0.51,16.4,17.8,18,16.5,0.7,11.9,11.5,71.9,9.4,9.5,24.2,24.6,0.419,0.25
IPFW,28.2,0.366,22.4,0.364,62.1,0.513,60.1,0.534,16.7,17.8,19.6,17.9,0.715,11.6,14.7,75.5,7.9,7.4,23.1,26.1,0.483,0.333
IUPUI,20.1,0.355,20,0.353,57.1,0.452,53.5,0.556,18.7,17.5,18.8,20.2,0.663,14.1,14.5,70.1,9.8,7.8,20.3,23.4,0.321,0.444
Jackson St,22.6,0.328,18.4,0.349,60.1,0.392,50.2,0.515,20.5,15.4,14.9,23.4,0.661,11.4,14.1,68,10.4,7.8,19.7,25.6,0.333,0.533
Jacksonville,17.6,0.33,23.7,0.33,59.8,0.488,62.2,0.533,16.5,17.2,17.9,17.7,0.658,14,13,74.2,8.4,9.1,24,25.9,0.379,0.667
James Mad,21.6,0.335,22.1,0.372,60.3,0.467,56.2,0.509,21.1,18.7,20.6,23.6,0.734,11.7,13.1,72.4,9.5,8,23,25.2,0.29,0.308
Jksnville St,17.8,0.318,23,0.333,58.1,0.513,55.5,0.473,17.4,17.2,17.7,18,0.72,13.1,13.1,69.3,10.3,7.9,24.7,20.8,0.629,0.539
Kansas,25,0.401,24.3,0.333,60.7,0.556,62,0.486,15.3,16.8,16.4,15.3,0.709,11.7,12.8,71.9,8.6,9.9,24.4,22,0.795,0.846
Kansas St,20.1,0.342,21.4,0.33,54.7,0.534,53.5,0.489,18.5,18.2,18.5,19.7,0.733,11.5,14.4,68.1,7,9.1,21.2,22.3,0.676,0.8
Kennesaw St,14.1,0.369,20.5,0.328,58.4,0.473,59.6,0.568,18.3,17.8,20.4,19.6,0.692,13.8,13.4,72.9,8.5,9.9,20.2,23.5,0.286,0.6
Kent State,22.9,0.324,21.3,0.339,59.8,0.488,58.9,0.513,18.9,18.5,19.4,19.7,0.732,13.2,12.7,72.1,10,9,23.1,23.1,0.485,0.7
Kentucky,14.8,0.357,25.8,0.301,57.2,0.512,60.6,0.48,19,20.6,25.1,19.6,0.698,13,11.8,71.4,10.6,10.3,25.7,20.2,0.703,0.636
LA Lafayette,23.9,0.354,19.1,0.336,61,0.524,58.2,0.485,18.9,18.8,23.2,21,0.759,13.2,14.3,74.1,11.4,8.1,24.6,21.1,0.781,0.667
LA Monroe,25.6,0.356,24.2,0.353,57.7,0.47,56.6,0.502,17.1,14.6,14,17.4,0.717,12,12.6,68.9,7.2,8.6,22.6,24.6,0.448,0.625
La Salle,22.2,0.329,19.8,0.381,59.6,0.488,58.1,0.488,17.1,17.3,18.5,19.6,0.787,11.7,12.4,72.1,7.7,7.8,24.3,24.7,0.406,0.571
LA Tech,23,0.367,19.4,0.364,56.5,0.482,57.3,0.486,17.3,18.2,20.6,18.4,0.728,12.3,12.5,70.3,8.1,8.4,23,23.9,0.484,0.333
Lafayette,22.7,0.374,23.2,0.344,55,0.514,61,0.522,16.5,17.3,15.8,15.8,0.771,13.3,10.1,70.1,5.7,8.6,25.1,23.8,0.3,0.182
Lamar,22.1,0.344,18.6,0.35,60.3,0.467,54.4,0.513,20,19.4,21.9,20.9,0.666,12.7,15.5,72.4,10.4,8.1,22.6,24.6,0.517,0.455
Lehigh,24,0.407,27,0.343,61.4,0.477,61.8,0.53,18.5,15.3,15.9,18.9,0.774,12.7,11.6,74.5,6.8,8.2,25.3,25.1,0.517,0.667
Lg Beach St,16.6,0.351,20.5,0.375,58,0.484,61.5,0.524,18.3,20.2,23.4,17.5,0.729,15.1,13.6,74.4,9.8,9.1,22.8,22.7,0.419,0.333
Liberty,21.7,0.368,23.5,0.375,52,0.511,51,0.473,16.9,17.3,17.5,17.6,0.8,11.8,11.8,66,5.9,5.4,24.1,22.1,0.559,0.375
Lipscomb,23.7,0.327,22.2,0.338,60.6,0.532,60.1,0.527,20.2,21.4,24.6,23.1,0.728,15.5,15.5,78.9,8.8,7.9,25.9,25,0.667,0.667
*LIU-Brooklyn,22.8,0.346,21.4,0.328,58.1,0.523,62.8,0.505,19.6,20.4,22.5,20,0.696,14.1,12,74.3,9,9.7,25.8,23.3,0.5,0.643
Longwood,20.5,0.315,24.2,0.341,52.4,0.458,58.1,0.532,17.6,17.1,18.5,19.9,0.681,15.9,12.2,70.3,6.7,9.5,22.4,25,0.133,0
Louisville,20.9,0.372,21,0.329,59.3,0.498,61.3,0.458,16.3,16.9,19,17.9,0.736,11.8,13.4,71.9,9,10.7,25.9,23.9,0.611,0.333
Loyola Mymt,18.7,0.346,19.5,0.381,58.5,0.482,52.6,0.577,19.8,17.8,19,22.5,0.715,13.1,13.5,69.5,10.3,8,18.9,22.1,0.333,0.4
Loyola-Chi,18.1,0.398,20.4,0.32,51.1,0.566,55.4,0.47,14.1,16.5,16.5,14,0.726,12.5,12.8,66.7,5,7.9,24.2,20.6,0.838,0.667
Loyola-MD,16.1,0.313,20.1,0.368,58.5,0.481,55,0.54,20.1,18.2,19.5,22.2,0.651,13.3,13.1,71.9,8.9,7.1,22.4,24.6,0.267,0.5
LSU,23.5,0.346,23.8,0.353,58.4,0.563,58.2,0.526,17.7,18,19,19,0.731,11.6,13.6,70.9,8.5,9.6,22.5,22.2,0.546,0.5
Maine,22.7,0.296,23.9,0.344,58.2,0.471,59.5,0.513,19.7,16.3,17,21.8,0.692,15.7,13.1,73.8,8,9.3,23.8,25.6,0.133,0.333
Manhattan,19.3,0.4,20,0.345,53.6,0.468,54.2,0.491,19.9,20.5,20.2,22.2,0.694,15.5,14.8,70,9.2,9.1,21.6,21.4,0.452,0.5
Marist,25.9,0.349,25.1,0.369,55.2,0.53,63.7,0.508,17.6,18.4,19.7,19,0.714,15.7,10.7,73.7,6.2,10.1,24.4,24.5,0.194,0.273
Marquette,26.4,0.417,19.4,0.359,59.5,0.522,57.4,0.538,19.4,16.9,17.1,22.3,0.805,12.3,12.9,72.8,7.5,7.7,21.8,22.3,0.6,0.636
Marshall,28.1,0.359,20.5,0.351,61.8,0.554,66.5,0.486,17.3,18.7,20.4,19.2,0.764,13.2,14.1,78.3,6.6,11.1,25.6,26.1,0.686,0.5
Maryland,19.1,0.368,22.7,0.338,53.1,0.539,59.5,0.456,16,18.4,20.1,14.3,0.76,13.6,10.9,68.4,8,8.7,24.7,19.5,0.581,0.273
Maryland BC,25.6,0.382,22.8,0.35,57.8,0.481,56.2,0.51,16.4,18.6,17.5,17.3,0.646,11.8,14.2,70.2,7.5,8.6,22.9,25.3,0.667,0.857
Maryland ES,22,0.275,23.6,0.368,57.2,0.443,58.8,0.543,16.9,16.4,17,18.8,0.676,13,10.7,68.8,8.7,10.3,20.4,25.9,0.167,0.333
Mass Lowell,20.6,0.344,19,0.375,57.1,0.524,58.8,0.55,17.9,20.3,22.4,19.7,0.706,13.4,14.6,73.2,8,9.6,20.9,24.6,0.379,0.667
McNeese St,20.1,0.346,21,0.35,60.1,0.473,64.7,0.484,17.8,18.1,19.7,20.4,0.697,13.8,11,74,9.2,11.5,24.2,25.2,0.32,0.4
Memphis,18.6,0.317,23.6,0.37,53.9,0.523,57.2,0.477,17.1,20.6,23.5,18.5,0.69,13.7,12.7,68.8,9.8,10,21.3,19.9,0.618,0.833
Mercer,21.9,0.377,26.2,0.358,54.3,0.527,54.5,0.525,17.6,18.1,19.4,18.3,0.769,12.4,10.9,67.1,8.3,7.4,23.3,19.5,0.531,0.455
Miami (FL),21.2,0.364,20.5,0.328,58.8,0.522,57.5,0.488,16.2,16.4,17.1,16.2,0.662,11.5,12.9,70,8.3,8.2,23.6,22.8,0.688,0.8
Miami (OH),25.8,0.335,21.8,0.337,58.3,0.5,58.4,0.519,17,15.1,15.8,16.6,0.688,13.5,12.7,71.3,7.7,7.9,24.4,24.7,0.438,0.546
Michigan,24.6,0.352,16.4,0.332,57,0.547,54.1,0.469,15.8,17.8,17.5,16.2,0.66,9.3,12.9,67.5,7.4,6.9,23.8,23.6,0.8,0.571
Michigan St,20.7,0.4,21.4,0.337,57,0.552,60.2,0.384,18.3,19.9,20.5,18.5,0.747,13.1,10,69.9,10.4,8.5,28.3,18.6,0.857,0.889
Middle Tenn,19.4,0.371,19.7,0.315,57.7,0.519,52.3,0.504,19.6,16.9,17.3,21.3,0.744,12.7,13,69.4,9,6.1,23.6,21.7,0.75,0.75
Minnesota,19.7,0.346,22.3,0.375,61.6,0.471,62.5,0.473,15.4,18.6,21.6,16.9,0.704,11,11.4,72.9,9.6,9.3,25.3,25.4,0.469,0.5
Miss State,21.4,0.315,22.2,0.333,57.7,0.552,58,0.472,16.8,16.7,18.3,17.3,0.687,13.1,13.4,70.1,9.6,9.3,23.4,21.6,0.667,0.75
Miss Val St,17.8,0.301,23.3,0.368,61.8,0.416,56.9,0.546,20.6,17.4,18,22.3,0.675,13.2,13.9,72.6,10.2,9.5,21.3,26.7,0.125,0.3
Mississippi,24.6,0.319,23.8,0.378,62.5,0.487,60.4,0.481,19,19.1,21.1,22.3,0.73,11.4,12.4,74,9.8,9.6,23.3,24.8,0.375,0.333
Missouri,24.3,0.39,21.4,0.327,53.3,0.503,59.2,0.454,18,19.2,20.4,17.9,0.743,14.1,10.9,69.6,8.2,8.4,25.3,20.6,0.594,0.455
Missouri St,21.5,0.329,21.2,0.335,58.9,0.494,57.3,0.46,17.6,16.4,16.1,17.4,0.72,11.6,9.8,67.7,10.5,7.7,25.1,22,0.531,0.357
Monmouth,18.5,0.389,26.6,0.354,55.4,0.493,58.2,0.499,21.8,21.2,24.5,24.2,0.711,15.3,13.3,74.7,7.6,8.3,25.8,22.9,0.355,0.167
Montana,16.1,0.337,17.5,0.352,59.4,0.514,54.2,0.463,21.1,19.7,22.8,22.4,0.716,12.3,14.9,72.3,10,7.6,24,22,0.75,0.667
Montana St,22.7,0.338,21.9,0.355,59.7,0.461,58.6,0.559,20.1,20.6,23.3,21.3,0.735,12.3,13.3,73.5,9.8,8.4,23.1,26.1,0.367,0.4
Morehead St,21.6,0.318,22.3,0.36,56.3,0.485,55.8,0.56,21.1,19.6,20.7,22.8,0.697,15.6,14.1,71.8,10,8.8,22.3,23.3,0.222,0.364
Morgan St,15.2,0.32,21.9,0.346,60,0.448,56.7,0.519,20.1,21.3,23.6,23.6,0.725,13.5,14.7,73.7,11.3,8.7,22.1,23.8,0.367,0.5
Mt St Marys,26.3,0.373,21.7,0.346,55.5,0.523,58.2,0.516,15.1,16.4,16.1,15.9,0.727,10.9,13.6,68.7,5.8,10.3,19.8,24.7,0.533,0.546
Murray St,22.4,0.372,20.1,0.309,56.2,0.544,57.3,0.476,17.6,17.8,21,17.5,0.731,11.9,12.2,69.1,9.2,8.5,24.7,20.2,0.8,0
N Arizona,18.2,0.305,24,0.394,54.3,0.445,57.1,0.526,19.8,20.3,23.1,21.1,0.7,15.6,13.5,72.5,8.2,8.2,21.8,25.1,0.133,0.25
N Carolina,22.9,0.359,25.4,0.38,65.3,0.51,62.1,0.453,15.9,17.8,18.3,16.1,0.743,12.1,11.7,73.7,11.9,8.2,27.1,21.5,0.703,0.546
N Colorado,24.1,0.355,14.5,0.328,61,0.54,60.1,0.487,19.5,19.2,20.6,22.1,0.692,12.4,12.9,75.5,7.9,7.7,26,24.9,0.657,0.5
N Dakota St,24.5,0.368,19.9,0.353,55.4,0.525,58.3,0.478,17.8,16.3,16.9,19.5,0.755,12.7,9.9,69.8,6.3,7.7,25.2,23.9,0.414,0.375
N Florida,27.5,0.375,20.4,0.354,61.8,0.514,71.2,0.542,15.3,16.4,17.1,16.7,0.766,14.6,10.3,77,7.6,12.2,23.2,25.2,0.367,0.429
N Hampshire,24.7,0.326,20.3,0.341,56.9,0.443,53.5,0.506,18.2,17.7,17.3,22.2,0.736,11.5,9.1,67.1,9.1,6.4,24.9,24.3,0.276,0.4
N Illinois,15.9,0.326,24.1,0.36,58,0.498,57.9,0.546,19.1,17.4,19.2,19.3,0.732,11.8,12,70.7,8.2,8.3,22,23.1,0.367,0.6
N Iowa,21.1,0.335,20.3,0.37,53.1,0.473,53.7,0.464,15.3,17.6,16.6,13.7,0.717,11.2,10.8,65,7,6.3,24.4,24,0.467,0.556
N Kentucky,23.2,0.34,20.5,0.318,58.4,0.557,57.7,0.467,18.4,16.7,18.1,18.3,0.727,12.4,13.5,71.5,8.2,8.1,25.5,22.3,0.667,0.375
N Mex State,22.5,0.34,20.6,0.311,61.8,0.52,56.3,0.457,18,17.7,18,18.6,0.643,12.2,13.3,71.2,11.5,7.1,27.2,22.7,0.807,0.75
Navy,19.2,0.323,21.3,0.368,53.8,0.502,51.4,0.518,17.5,18.8,19.5,17.5,0.72,14.2,14.2,68.4,8.8,5.6,22.2,21.5,0.613,0.714
NC A&T,20.2,0.303,20.4,0.331,56.5,0.543,59.5,0.525,17.9,19.4,21.2,18.7,0.712,13.8,12.8,72.5,7.8,8.7,23.7,22.9,0.546,0.6
*NC Central,17.8,0.324,22.1,0.328,57.3,0.513,57.8,0.481,19.4,15.9,17.4,19.8,0.682,14.2,11.4,69.9,9.7,8.8,23.4,21.6,0.5,0.8
NC State,21.4,0.372,19.1,0.316,62.2,0.521,59.2,0.536,18.5,18.2,21.3,19.9,0.697,12.1,14.8,74.1,10.2,9.4,21.8,22.5,0.636,0.444
NC-Asheville,20.6,0.394,21.7,0.351,56.5,0.512,57.6,0.524,18.5,16.6,17.5,19.5,0.741,13.6,12.9,71.8,6.7,8,23.6,22.8,0.594,0.6
NC-Grnsboro,26.9,0.35,21,0.319,59.1,0.511,51.4,0.473,18.7,16.3,15.4,20.2,0.697,13.4,14.5,69,10.6,6.7,23.3,21.8,0.75,0.6
NC-Wilmgton,22.1,0.345,23.9,0.396,65.3,0.474,60.7,0.548,18.6,19,20.3,22.4,0.688,12.8,11.6,75.2,12.5,7.9,24.7,25.4,0.3,0.462
Neb Omaha,22.5,0.358,23.3,0.384,61.4,0.5,64,0.547,16.4,16.5,16.8,18,0.712,13.3,11.6,75.2,7.4,9.1,22.4,25.4,0.241,0.571
Nebraska,20.3,0.346,18.1,0.322,57.8,0.476,61.4,0.465,17.1,19,21.7,16.3,0.718,11,12.5,69.7,9.6,11.6,24.1,24,0.667,0.625
Nevada,24.4,0.392,23.5,0.317,60.5,0.521,60.8,0.507,17,19.2,21.9,18.3,0.743,9.6,12.8,72.6,8.2,9.4,24.6,23.9,0.784,0.5
New Mexico,28.5,0.371,17.6,0.381,60,0.514,56.2,0.537,20.5,20.1,20.8,22.5,0.774,12.2,16,74.4,7.4,8.8,20.6,24.8,0.546,0.556
New Orleans,13.4,0.356,17.7,0.376,54,0.473,53.1,0.516,19.1,19.9,22.4,20.3,0.667,15,15.2,70.2,9.1,8,20.3,21.3,0.433,0.429
Niagara,23,0.358,23.1,0.38,64.4,0.492,66.7,0.502,17.5,20.1,24.5,19.6,0.728,11.3,11.7,77.1,10.4,10.4,25.3,25.5,0.576,0.8
Nicholls St,21.5,0.348,19.3,0.341,60.8,0.516,58.7,0.497,22.7,19.1,22.6,26.5,0.722,15.5,16,77.7,9.3,9.6,23.8,23.6,0.607,0.8
NJIT,21.3,0.353,18.9,0.369,59.5,0.481,57.1,0.519,18.6,17.4,19.6,19.2,0.679,13.1,14.4,72,9.8,8.7,22.6,24.6,0.429,0.417
Norfolk St,20.8,0.37,24.7,0.357,59.6,0.461,56.7,0.473,21.4,17.8,18.7,24.5,0.666,15.2,14.5,73.7,9.9,9.2,24.1,23.8,0.433,0.375
North Dakota,21.3,0.351,21.1,0.38,58.5,0.514,60.1,0.56,19.1,19.3,20.8,20.4,0.716,13,14.7,75.9,5.6,8.5,22.2,26.9,0.333,0.625
North Texas,22.1,0.353,21.2,0.319,58.6,0.5,57.1,0.491,19,18.5,19.7,22.1,0.658,13.1,12.2,71.8,9.3,7.9,25.5,23.4,0.5,0.5
Northeastrn,24.3,0.373,16,0.299,53.6,0.576,56.3,0.511,17.6,17.9,18.8,18.6,0.729,13.6,12.3,69.6,6.8,7.6,23.6,22.2,0.688,0.556
Northwestern,22.2,0.354,20,0.362,56.6,0.471,52.3,0.489,18.8,16.8,16.5,19.4,0.748,11.7,12.5,67.1,8.4,7.5,21.4,22.6,0.452,0.429
Notre Dame,23.4,0.356,22.5,0.354,59.4,0.496,60.2,0.47,13.1,15.8,18.4,13.6,0.761,9.9,11,68.4,9.9,9,24.6,22.8,0.571,0.364
NW State,14.6,0.283,20.2,0.372,57.2,0.449,58,0.531,19.6,17.6,19,23.3,0.585,17.6,13.6,73.2,10.6,9.6,20.5,23.8,0.08,0
Oakland,23.7,0.352,19.2,0.373,59.6,0.514,62.6,0.485,16.4,18.8,21.1,17.4,0.77,13.2,12.3,74.3,8.6,8.8,25.1,24.1,0.576,0.375
Ohio,21.4,0.372,24.8,0.324,61,0.484,62.5,0.507,16.5,17.9,18.8,18.8,0.716,13.5,13.6,76.7,6.5,8.5,26,27.5,0.433,0.333
Ohio State,19.9,0.353,22.8,0.351,58.2,0.547,57.2,0.461,17.5,17.6,18.1,16.9,0.731,11.7,12.3,69.9,8.7,7.5,25.3,21.1,0.735,0.5
Oklahoma,26.1,0.359,25.3,0.362,64.4,0.533,68,0.491,17.2,17.9,21.4,17.4,0.746,13.4,13,78.8,9.2,10.4,26.5,25.3,0.563,0.556
Oklahoma St,23.6,0.348,20,0.367,61.8,0.483,58.2,0.475,19.2,18.9,19.9,20.7,0.757,12.9,14.5,73.1,11.1,9.3,23.1,22.9,0.583,0.556
Old Dominion,20,0.357,22.3,0.338,59,0.493,54.2,0.456,15.9,17.4,19.5,16.4,0.692,10.4,14.4,68.7,10.1,7.6,25,22.3,0.781,0.889
Oral Roberts,19.8,0.343,22.3,0.365,61.8,0.477,60.1,0.539,17.9,16.1,15,18.7,0.698,13.1,10.5,70.7,11.1,9,22,22.5,0.286,0.167
Oregon,25.2,0.357,22.3,0.356,59.9,0.531,56.5,0.484,19.8,18.4,19,20.5,0.763,12.1,13.4,72.1,8.9,7.5,23.5,21.8,0.639,0.556
Oregon St,18.2,0.329,20.3,0.348,55.6,0.533,55.3,0.481,20.1,19.7,21.5,21.2,0.708,13.3,12.8,70,9,8.3,23.2,20.5,0.5,0.462
Pacific,14.1,0.326,22.2,0.366,55.5,0.484,54.7,0.517,18.1,19.8,22.5,19.3,0.726,11.5,12.3,68.8,9.1,7.3,22.3,23.2,0.419,0.333
Penn State,19.5,0.387,18.8,0.342,58.7,0.498,55.9,0.467,17.6,17.8,18.5,17.9,0.702,11.9,13.4,69.9,9.3,8.1,23.3,22.1,0.667,0.6
Pepperdine,16.8,0.342,23.6,0.401,56.7,0.488,56.8,0.547,18,18.7,19.9,19,0.702,11.7,10.5,69.3,8,7.5,21.9,22.7,0.161,0.286
Pittsburgh,24.8,0.325,22,0.334,52.3,0.478,59.2,0.501,17.3,16.1,16.7,18.5,0.695,13.8,10.3,67.7,6.2,10.7,22.1,24.5,0.25,0.333
Portland,20.2,0.383,23.4,0.357,53.3,0.465,59.1,0.517,18.5,18.8,18.5,19.8,0.687,12.4,10.8,69.6,5.1,9.6,22.8,25.1,0.241,0.333
Portland St,25.1,0.332,19.5,0.38,67.3,0.489,57.8,0.54,22.3,19.9,22.5,25,0.705,12.6,16.8,78.1,12.2,8.8,21.7,25.7,0.548,0.615
Prairie View,22,0.323,20.1,0.332,59.8,0.492,55.3,0.544,22.1,20.5,23.5,26.5,0.669,13.5,16.4,74.7,10,9.3,21,23.9,0.455,0.429
Presbyterian,23.9,0.346,20.2,0.367,53.8,0.468,54.7,0.555,14.6,16.1,15.1,16,0.7,12.1,11.5,65.8,7,8.2,19.8,23.7,0.276,0.8
Princeton,26.4,0.373,21,0.359,57.1,0.521,56.4,0.512,17.6,17,14.9,18.3,0.713,11.2,11.3,69.3,6.4,6.9,23.2,24.9,0.429,0.4
Providence,19.2,0.332,21.3,0.322,58.2,0.495,58.7,0.515,17.8,19.3,22.5,18.7,0.704,12.3,13.4,72.4,8.6,8.7,23.2,24.8,0.6,0.846
Purdue,22.7,0.42,20.4,0.332,56.7,0.541,59.4,0.455,15.7,18.6,20.2,14.4,0.743,10.8,12.1,69.8,7.2,8.5,24.8,20.6,0.811,0.583
Quinnipiac,27.1,0.339,21.9,0.396,56.5,0.498,59.4,0.502,17.2,19.6,20.9,17.8,0.706,13.5,11.4,71.2,8.4,8.5,22.7,24.2,0.364,0.643
*Radford,21.7,0.35,20.7,0.346,55.1,0.471,52.7,0.489,16.9,16.8,17.2,16.7,0.735,12.1,13.1,66.1,9.4,7.4,21.4,21.4,0.618,0.5
Rhode Island,19.7,0.352,16.1,0.332,61.7,0.503,52.7,0.506,19,17.4,18.5,21.4,0.697,10.6,15.8,71,10,7.7,21.7,23.6,0.765,0.6
Rice,26.7,0.321,25.2,0.358,56.5,0.479,60.8,0.517,16.7,18.2,19.9,17.3,0.658,14.6,11.6,71.5,9.1,9,24.1,25.3,0.172,0.143
Richmond,20.8,0.334,19.8,0.372,57.2,0.533,56.4,0.552,16.2,15.3,17,17.7,0.715,11.7,13.2,69.9,6.8,8.2,21.7,24.8,0.375,0.5
Rider,21.2,0.358,25.7,0.371,62.6,0.52,59.5,0.505,19.9,21.7,26.4,21.9,0.608,13.3,15.4,76.6,11.7,8.7,24.6,24.6,0.688,0.727
Rob Morris,22.1,0.332,19.4,0.328,58.5,0.459,56.3,0.511,20.1,17.8,20.1,20.3,0.667,14.8,15.9,72.7,10.2,9.2,21.9,24.5,0.485,0.75
Rutgers,14.7,0.295,20.9,0.325,60,0.434,55.8,0.476,17.3,18.2,18.3,17.2,0.652,11.6,13.8,68.9,11.5,8.7,23.7,24.2,0.424,0.286
S Alabama,24.6,0.323,22.4,0.309,55.7,0.483,58.9,0.479,19.2,18.8,21,22.4,0.702,14.9,13.1,73.2,6.9,9.7,25.5,25.2,0.4,0.4
S Car State,19.1,0.327,23.6,0.363,60.8,0.457,61.1,0.578,19,19.2,21.8,20.6,0.699,13.5,13.9,75.1,9.6,9.6,21.2,25.3,0.267,0.714
S Carolina,21.5,0.337,20.2,0.335,57.2,0.436,53.5,0.487,20,20.8,24.4,23.1,0.7,13.8,14.7,71.8,10.4,7.8,22.8,22.8,0.5,0.333
S Dakota St,26.8,0.393,24.6,0.336,61.2,0.507,64.1,0.498,16.4,19.3,21.6,16.4,0.766,10.2,10.4,74.5,7.5,7.5,28.1,25.8,0.774,1
S Florida,17.9,0.361,20.7,0.33,52.8,0.448,56.8,0.52,17.1,17.3,17.5,18.5,0.723,14,10.8,67.4,7.8,9,21.7,21.6,0.313,0.444
S Illinois,18.2,0.357,21.7,0.333,55.1,0.515,55.3,0.509,17.9,17.6,17.9,18.8,0.698,12.7,13.5,69.5,7,8,22.9,22.5,0.594,0.8
S Methodist,22.5,0.379,23.2,0.338,55.6,0.487,53.4,0.486,16.2,16.7,17,16.3,0.686,11.6,14,65.8,9.8,9.1,21.1,21.5,0.515,0.286
S Mississippi,22,0.341,24.5,0.381,56.6,0.498,54.4,0.551,15.5,14.9,16,17.9,0.705,9.8,13.3,68.1,6.1,8,20.6,25.9,0.4,0.667
S Utah,22,0.361,20,0.382,58.8,0.482,58.5,0.532,22,20,21.1,24.3,0.736,12.7,12.2,74.7,6.8,7.6,23.7,26.4,0.367,0.4
Sac State,18.1,0.346,21.1,0.372,56.5,0.477,56.7,0.509,18.1,17,15.7,18.9,0.686,12,11.9,68.9,7.3,8.5,22.3,25.1,0.167,0.182
Sacred Hrt,19.2,0.299,23.6,0.339,58.2,0.503,58.3,0.509,18.5,17.3,17.5,19.2,0.67,14.9,10.2,70.9,10.6,6.7,26.1,22.7,0.3,0.25
Saint Louis,17.5,0.32,18.8,0.348,52.8,0.466,53,0.477,18.3,19.2,24.2,18.6,0.652,12.7,11.9,66.6,10.2,7.3,22.5,21.8,0.5,0.25
Sam Hous St,20.3,0.337,23.2,0.333,58.2,0.47,54.6,0.531,19.8,18.9,19.8,20.5,0.72,12.9,13.8,70.3,10,8,22.8,23.1,0.531,0.667
Samford,24.6,0.372,26.9,0.38,57.5,0.533,61.3,0.583,16.8,16.9,17.7,17.5,0.772,13.6,13.4,72.8,6.6,10.2,19.8,23.9,0.267,0
San Diego,23.3,0.366,16.2,0.307,51.7,0.517,54.1,0.464,20.7,19.7,20.3,22.7,0.712,13.3,12.1,69.2,5.7,7.5,24.2,23.4,0.576,0.556
San Diego St,21.4,0.341,23,0.332,59.7,0.52,57.7,0.478,17.3,19.2,21,17,0.715,12,13.4,71.7,9.6,7.8,25.3,22.7,0.656,0.286
San Fransco,25.2,0.338,17.2,0.333,57.9,0.484,54.9,0.485,19.2,17.1,16.9,20.3,0.675,11.8,11.5,69.1,8.3,7.2,23.7,24.7,0.553,0.615
San Jose St,16.1,0.362,29.2,0.354,53.6,0.462,59.3,0.533,19.1,18.2,18.3,18.3,0.689,16.3,10.4,70.7,7.9,7.6,24.8,21.9,0.103,0.25
Santa Clara,22,0.338,16,0.4,53.9,0.471,52.4,0.551,17,17.8,16.3,17,0.714,11.2,12.3,65.9,7.2,6.5,19.7,24.8,0.345,0.5
Savannah St,40.3,0.302,26.1,0.362,72.7,0.515,70.3,0.58,19.2,18.8,21.3,21.7,0.695,14.1,17.6,86.4,10.2,12.1,22.3,31.4,0.433,0.75
SC Upstate,29.8,0.341,21.5,0.431,64.5,0.493,60.5,0.567,17.9,14.2,13.9,21.8,0.731,11.6,10.8,73,9.4,9.1,20.9,26.8,0.107,0
SE Louisiana,20.3,0.344,18.9,0.346,55.4,0.509,57.9,0.485,16.7,19.2,19.6,16.8,0.651,13.3,13.7,69.4,8.8,10,22,22.4,0.613,0.778
SE Missouri,24.1,0.393,22.6,0.379,55.6,0.507,58.2,0.541,18,18.3,21,20.1,0.724,12.6,12,70.7,7.7,8.7,21.4,23.1,0.414,0.5
Seattle,24.6,0.372,19.8,0.345,57.9,0.474,58.3,0.448,20.5,19.4,20,23.9,0.729,13.8,10.9,72,9.3,8.5,25.1,23.8,0.548,0.625
Seton Hall,20.1,0.365,22.8,0.338,60.9,0.52,60.5,0.5,18.1,19.5,21.4,18,0.698,12.7,12.7,73.1,10.7,8.6,24.9,22.2,0.647,0.4
Siena,18.8,0.367,20.2,0.349,55.9,0.447,57.2,0.501,20,18.5,20.4,24.1,0.678,15.1,10.9,71.2,9.5,8.3,23.5,22.6,0.25,0.357
SIU Edward,21.8,0.324,19.7,0.368,58.6,0.472,55.5,0.535,21.5,17.6,19.3,25.5,0.707,13.6,12.3,72.3,8.4,8.4,21.5,24.2,0.3,0.539
South Dakota,19.5,0.35,21.8,0.337,60.7,0.519,59.6,0.472,18,18.6,21.6,17.7,0.751,11.3,14.4,73.7,8.4,8.9,25.4,23.5,0.71,0.286
Southern,15.6,0.332,20.7,0.345,57.5,0.423,58.4,0.47,19,19.8,23.9,21.9,0.686,13.5,12.2,71.4,11,9.4,23.9,24.1,0.419,0.539
*St Bonavent,19.4,0.386,24.4,0.321,57.6,0.485,56.4,0.497,19.8,19.5,23.4,21.7,0.752,11.5,14.4,72,8.9,8.4,23.9,22.5,0.765,0.889
St Fran (NY),25.2,0.346,17.4,0.341,59.9,0.464,55,0.541,21.6,17.5,18.2,24.8,0.714,12.6,14.9,72.8,8.1,9.1,21.2,26.1,0.379,0.455
St Fran (PA),21.3,0.37,23.3,0.355,58.8,0.512,62.1,0.538,15.9,18.5,19.7,14.5,0.769,11.8,13.2,72.7,7.1,9.7,23,23.7,0.552,0.429
St Johns,21.4,0.333,25,0.374,60.4,0.488,58.4,0.46,18.7,17.8,18.4,20.1,0.743,11.9,16.1,74,7.7,9.3,23.3,26.2,0.469,0.5
St Josephs,23.6,0.337,28.3,0.337,61,0.477,61.9,0.489,15.5,18.2,21.1,15.2,0.687,10,11.7,73,7.6,8.3,26.5,27.6,0.5,0.231
St Marys,19.2,0.41,17.2,0.323,54.7,0.571,55.5,0.495,15.4,16.4,16.6,13.8,0.769,9.9,9.6,65.3,7.3,6.2,24.3,18.8,0.833,0.714
St Peters,23.4,0.337,22.5,0.329,55.1,0.481,51.8,0.478,18.8,15.7,15.3,21.9,0.721,13,14.2,67.9,7.8,8.1,21.9,22.9,0.438,0.417
Stanford,18.1,0.369,22.7,0.351,57.3,0.504,62.9,0.479,18.1,20,23.9,18.4,0.685,15,11.6,74.2,9.5,8.9,26,21.9,0.543,0.625
Ste F Austin,18.6,0.374,19.7,0.356,57.6,0.517,51,0.474,21.8,20.8,23.4,25.6,0.7,15,18.8,74,9.5,8.1,22.2,21.4,0.774,0.667
Stetson,22.1,0.329,22.4,0.374,63.7,0.487,58.6,0.536,18.9,15.6,15.9,21.7,0.683,10.9,13.5,74.4,7.7,8.2,23.3,28.1,0.286,0.375
Stony Brook,23.7,0.322,19.6,0.353,58.1,0.475,54.3,0.491,20.3,18.4,18.6,22.7,0.657,13.9,14.5,71.5,9.4,7.9,22.8,24.9,0.387,0.455
*Syracuse,17.7,0.317,24.6,0.318,53.9,0.466,55.3,0.451,16.5,18.4,21.8,17.4,0.735,12.4,12.7,66.9,10,9.2,23.4,20.3,0.622,0.539
Temple,23.4,0.351,21.4,0.324,60.3,0.472,57.8,0.505,17.6,14.5,15.4,18.2,0.682,10.8,12.7,69.6,8.4,9.9,22.3,24.4,0.515,0.583
Tennessee,20.5,0.38,20,0.318,57.5,0.473,54.8,0.461,19.4,19.3,20.4,20.6,0.757,12.1,13.8,69.3,10,9,22.9,21.5,0.743,0.615
Texas,22.5,0.32,21,0.332,59.1,0.512,59.6,0.475,16.1,17.8,19.5,15.6,0.665,11.7,12.5,70.7,9.4,8.9,24.1,23.9,0.559,0.5
Texas A&M,20,0.329,23.5,0.326,60.6,0.525,62.5,0.457,16.4,17.6,19.4,17.2,0.661,13.6,10.8,72.4,10.9,9.2,27.5,22.4,0.629,0.5
Texas State,19.7,0.331,20.9,0.33,52.9,0.484,53.7,0.531,16.5,17.9,19.2,16.1,0.676,13.6,12.6,66.6,9,7.5,21.8,21,0.419,0.4
Texas Tech,19,0.359,20.8,0.323,56.6,0.511,54.3,0.45,18.1,20.7,22.2,20.6,0.704,12.3,15,70.4,9.5,8.2,23.4,20.7,0.73,0.667
TN Martin,20.4,0.322,27,0.351,56.7,0.507,57.4,0.489,18.6,15.2,13.7,19.6,0.725,14.7,13,69.6,8.2,10,23.4,22.8,0.276,0.364
TN State,21.4,0.34,24.8,0.361,51.8,0.481,52.3,0.513,18.9,18,19.6,18.5,0.743,14.8,15.8,69.1,6.8,7.9,21.8,23,0.464,0.444
TN Tech,20.7,0.345,22,0.334,57.7,0.475,57.6,0.516,19.9,19.3,21.7,21.1,0.681,14.2,14.6,73.5,8.7,8.9,22.6,24.5,0.548,0.625
Toledo,23.9,0.406,20.2,0.344,57.4,0.514,63.2,0.485,16.1,18.2,21.3,16.7,0.738,11.6,9.3,71.1,8.2,9.1,25.8,23.7,0.667,0.778
Towson,18,0.353,22.5,0.35,59.2,0.511,56.1,0.494,20.1,19.2,21,22.1,0.688,12.7,13.1,71.7,10.2,8,23.6,21.6,0.533,0.429
Troy,26.2,0.337,22.1,0.34,57.9,0.521,59.8,0.497,17.5,17,19.5,18.9,0.733,12.6,11.6,71.3,8.1,9.4,24.5,23.8,0.452,0.3
Tulane,21.4,0.35,20.1,0.345,57.4,0.509,59,0.498,18,18.4,19.8,20.4,0.713,13.2,12.1,72,7.9,8.8,22.8,23.7,0.452,0.375
Tulsa,22.9,0.347,26.5,0.344,55.8,0.497,60.9,0.479,16,20.2,23.2,15.4,0.725,12.8,12.4,70.9,9.2,9.3,25.2,21.9,0.613,0.556
TX A&M-CC,15.3,0.344,21.8,0.355,54.5,0.467,53.7,0.516,21.2,19,20.2,24.8,0.724,16.2,14.9,71.9,8.3,8.7,22.8,22.2,0.308,0.375
TX Christian,21,0.395,21.1,0.376,59.8,0.551,59.3,0.502,16.8,18.5,20.4,18.1,0.706,12.7,12.4,72.8,9.5,7.5,23.8,19.9,0.636,0.308
TX El Paso,21.5,0.331,23.7,0.354,55.7,0.49,56.9,0.487,18.6,16.9,17.2,20.8,0.669,12.3,12,70.1,5.9,8.8,24.4,27.7,0.333,0.444
*TX Southern,21.7,0.359,21.2,0.366,58.6,0.485,64.4,0.494,17.5,21,25.2,20.1,0.725,12.6,11.8,75,8.4,10.6,24.3,24.3,0.444,0.333
TX-Arlington,24.1,0.365,27,0.339,60.3,0.51,60.5,0.479,18.4,19.1,21,21,0.688,14.9,14.3,75.6,9.7,9,25.9,23.2,0.606,0.667
TX-Pan Am,19.6,0.305,19.2,0.365,62.1,0.443,58.7,0.499,22.2,21.5,25.5,26.7,0.74,13.6,15.6,78,9.5,9.2,23.3,27.4,0.419,0.571
TX-San Ant,27.8,0.355,23.6,0.347,62.2,0.493,59.9,0.478,20.5,17.2,18.4,24.9,0.675,12.5,11.9,74.3,9,9.5,26.5,27.4,0.531,0.5
U Mass,22.2,0.4,19.8,0.347,58.1,0.479,58.4,0.512,18,15.3,14.6,19.4,0.746,12.8,11.3,70.1,7.8,8.8,22.2,23,0.394,0.385
U Penn,24.8,0.348,19.4,0.3,58.9,0.533,59.3,0.48,17.3,18.5,19.7,18.8,0.657,11.9,12.2,73,7.3,7.3,26.5,26,0.719,0.778
UAB,19.6,0.348,25.9,0.35,58.5,0.559,59,0.491,14.9,16.7,16.5,15.8,0.745,13.2,12.3,71.2,8.5,7.5,26.2,20.5,0.581,0.2
UC Davis,17.2,0.366,20.6,0.331,54.2,0.507,54.6,0.492,19.5,19.8,20.8,19.9,0.721,12.9,15.2,70.6,6.6,8.5,22.5,23.3,0.645,0.667
UC Irvine,18.7,0.33,19.3,0.328,58.3,0.475,57,0.429,20.9,16.8,16.5,23.5,0.711,14.1,10.2,70,10.4,8.1,27,22.5,0.485,0.429
UC Riverside,19.1,0.313,22.8,0.333,56.7,0.441,56.9,0.485,19.9,18.8,18.3,21.7,0.71,13.9,13.4,71.1,7.9,9.9,23.2,25,0.241,0.25
*UCLA,24.6,0.381,25.1,0.346,61,0.514,63.8,0.473,17.9,19.1,21.7,18.9,0.72,12.1,10.6,74.2,9.2,9.2,27.4,24.2,0.636,0.714
UCSB,21.1,0.383,20.5,0.344,58.6,0.505,57.9,0.489,16.9,17.9,18.7,17.1,0.701,10.1,11.3,69.1,8.8,8,24.3,23.3,0.7,0.429
UMKC,26.2,0.335,19.5,0.36,56.8,0.456,57.5,0.517,21.7,18.1,19.6,24.4,0.714,13,14.3,73.1,6.2,10.1,21.4,27.7,0.276,0.25
UNLV,16.8,0.334,21.3,0.352,60.6,0.548,66.9,0.467,17.6,22.2,26.3,17.5,0.705,14.3,11.6,76.5,10.8,10.3,26.6,21.1,0.606,0.444
USC,21.9,0.376,23.2,0.352,60.4,0.523,59,0.498,15.8,17.5,18,15.7,0.706,10.6,13.4,71,8.9,8.4,23.4,22.6,0.667,0.583
Utah,24.9,0.37,22.5,0.336,54.4,0.536,58.4,0.47,16.2,19.4,18.7,16.8,0.759,11.8,11.9,69,6.6,8.8,24,22.7,0.657,0.5
Utah State,25.6,0.36,20.9,0.36,55.9,0.525,56.6,0.507,18.3,18,18.6,18.8,0.703,13,12.2,70.3,7.4,7.4,22.9,23.7,0.485,0.625
Utah Val St,20.2,0.389,20.6,0.329,55.6,0.519,60.1,0.474,16.9,19.3,21.7,17.1,0.744,13.9,12.2,71.6,8.3,8.7,25.4,21,0.645,0
VA Military,23.5,0.323,24.8,0.346,57,0.437,58.1,0.521,17.8,15.4,15.8,19.9,0.738,15,13.2,71.6,7.9,9.1,22.7,25.6,0.25,0.6
VA Tech,22.6,0.388,25.5,0.347,56.5,0.573,59.5,0.492,15.8,17.3,20.6,17.5,0.709,12,13.1,71.7,6.5,9.3,23.6,22.8,0.636,0.714
Valparaiso,19.6,0.341,18.4,0.322,54.3,0.505,54.3,0.486,21.4,18.3,19.9,24,0.712,14.7,13.6,70.9,7.6,8.5,23.3,22.5,0.433,0.167
Vanderbilt,25.6,0.353,17.6,0.374,55.5,0.508,56.4,0.507,19.8,17.9,20.1,20.6,0.743,11.8,9.9,68.6,7.9,7.8,22.5,22.4,0.375,0.5
VCU,23.6,0.352,22.3,0.351,61,0.524,60.4,0.508,17,16.7,17.2,17.7,0.691,13.5,12.9,73.5,8.8,8.5,24.5,24.1,0.546,0.5
Vermont,18.3,0.399,20.9,0.346,51.2,0.538,54.9,0.499,15.1,19.9,21.4,13.7,0.753,11,10.9,66.1,6.3,6.3,23.4,20.2,0.765,0.333
Villanova,29,0.401,21.5,0.317,61,0.59,60,0.49,16.1,17.5,18,16,0.779,10.7,12.8,72.3,8.4,7.5,24.9,21.4,0.9,0.5
Virginia,19,0.383,20.4,0.31,54.2,0.501,50.1,0.428,14.1,15,13.3,13.1,0.754,8.5,12.7,62.1,7,6.9,22.4,21,0.912,0.833
W Carolina,21.5,0.33,25,0.363,57.7,0.453,57,0.543,18,17.2,18.3,20.6,0.7,15.3,14.8,72.2,9.6,9.3,20.9,24.7,0.367,1
W Illinois,19.1,0.349,23.2,0.366,55.5,0.486,61.6,0.489,16.4,15.8,15.7,18.1,0.729,13,10.2,71.4,4.9,8.5,25.5,26,0.333,0.5
W Kentucky,15.4,0.354,22.3,0.36,57.1,0.546,61,0.468,15.1,19.3,22.8,14.6,0.715,11.6,12.5,71.4,7.9,9.4,24.6,21.9,0.703,0.364
W Michigan,21.3,0.345,23.9,0.376,59.8,0.48,55.8,0.525,17.7,18.1,20.4,18.8,0.724,10.8,13.6,71,9.5,7.2,22.3,24.1,0.5,0.444
W Virginia,24.6,0.353,20.5,0.38,64.2,0.488,53,0.454,21.6,18.8,20.1,23.4,0.766,11.4,16.5,72.3,12.2,8.9,22.2,22.8,0.703,0.571
Wagner,23.2,0.36,19.9,0.362,59.2,0.47,53.4,0.458,22.2,20,20.2,24.9,0.703,13.6,14.1,71.4,11.1,7.9,23.2,21.6,0.677,0.8
Wake Forest,20.8,0.374,22.6,0.377,58.9,0.474,56.5,0.481,19.5,17.7,18.8,22,0.738,13.1,12.3,71.2,9.7,8.2,23.5,23.5,0.355,0.286
Wash State,29.2,0.377,24.5,0.349,57.9,0.517,61.2,0.542,17.2,16.2,14.3,17.5,0.736,13.6,11.4,71.6,6.8,9.3,22.6,24.5,0.387,0.6
Washington,19.5,0.346,20.7,0.334,57.7,0.516,58.3,0.509,18.8,19.3,21.2,20.1,0.701,13.3,15.1,72.9,8.5,9.8,21.6,22.6,0.618,0.75
Weber State,21.3,0.41,18.9,0.347,54.9,0.525,60,0.492,17.6,18.1,19.2,19,0.764,12.3,11.2,71.3,5,8.8,25.9,24,0.607,0.714
WI-Grn Bay,24.8,0.362,24,0.331,61,0.447,63.3,0.517,19.5,18.7,19.7,19.9,0.752,13.8,13.2,76.2,7.8,10,24.1,27.1,0.333,0.333
WI-Milwkee,21.1,0.339,21.1,0.374,56.9,0.509,56.6,0.465,16.6,16.4,15.8,15.5,0.669,12.3,12.3,69.1,7.5,7.1,24.6,24.6,0.484,0.455
Wichita St,23.8,0.381,23.5,0.363,60.9,0.538,58.2,0.46,17.6,19.9,21.2,19.4,0.739,11.7,11.5,72.3,10.3,6.5,26.6,20.4,0.758,0.375
Winthrop,24.6,0.365,21.6,0.349,56.6,0.548,58.8,0.481,17.4,19.2,20.3,18.9,0.725,14.1,13.3,72.9,7.8,7.8,24.6,23,0.571,0.2
Wisconsin,19.5,0.335,16,0.35,53.6,0.512,52.7,0.506,16.5,18.5,17.5,15.9,0.699,10.7,11.7,64.8,8,7,20.3,21.8,0.455,0.333
Wm & Mary,24.6,0.422,22.9,0.374,56.8,0.566,61,0.572,17.3,16.9,19,19.8,0.811,12.4,10.4,73,5.6,7.6,23.8,22.6,0.586,0.6
Wofford,25.1,0.402,23.5,0.364,55.4,0.509,54.5,0.524,17.5,15.6,15.8,18.5,0.776,12.2,12.6,68.3,6.9,7.5,21.7,22.5,0.581,0.583
Wright State,20.2,0.335,22.2,0.347,57.6,0.477,56.2,0.458,16.1,19.9,20.4,16.8,0.717,13.1,14.8,71.4,8.8,7.6,24.9,23.7,0.697,0.636
Wyoming,26.6,0.342,21.1,0.37,59.3,0.527,61.1,0.486,20,21.8,24.4,23.1,0.736,13.6,14.8,78.9,5.6,7.8,25.8,28,0.594,0.714
Xavier,21,0.372,25.8,0.334,58.7,0.559,62.6,0.498,17.2,20.9,24.1,16.1,0.779,12.6,11.4,74.2,8.4,7.5,27.1,21.6,0.829,0.818
Yale,24.5,0.328,20.1,0.343,57.5,0.553,57.8,0.53,17.8,17.3,17.8,19.6,0.725,13.3,12.5,71.7,7.6,7.9,23.4,24,0.5,0.571
Youngs St,22,0.332,20.1,0.408,64.3,0.465,57.7,0.574,21.1,17.5,18.3,23,0.631,14.2,14.2,75.4,11.5,7.7,20.5,24.1,0.2,0.5
