Team,3 point attempts,3 point %,3 point attempts allowed,3 point % allowed,field goal attempts,2 point %,field goal attempts allowed,2 point % allowed,Fouls per game,opponent fouls per game,Attempted Free throws,Opponent Attempted Free throws,Free throw %,Turnover,Turnover (Against),Possessions,Offensive rebounds,Offensive rebounds (against),Defensive rebounds,Defensive rebounds (against),Win %,Close game win %,SOS
Abl Christian,19.5,0.353,17.2,0.378,58.1,0.479,51.6,0.565,20.7,19.2,19.2,23.3,0.73,12.2,16.5,71.9,7.4,7.5,19.4,25.1,0.36,0.2,-1.2
Air Force,22.9,0.356,17.5,0.29,50.9,0.554,53.5,0.521,16.9,16.9,15.8,18.6,0.715,12.1,10.9,65.2,5.6,7.8,21.3,22.3,0.452,0.4,0.7
Akron,25.3,0.345,19.8,0.355,57.4,0.509,56.2,0.484,15.7,18.6,19.4,15.2,0.747,11,12.2,68.8,8.6,7,23.2,21.7,0.655,0.667,-0.7
Alab A&M,18.3,0.35,22.4,0.343,57,0.469,55.3,0.487,19,17.6,19.4,22.8,0.64,14.8,15.2,72,8.5,9.8,21,22.9,0.393,0.857,-8.3
Alabama,29.4,0.339,19.9,0.284,62.1,0.546,64.5,0.419,18.9,20.5,23.7,21.6,0.728,14.3,12,77,11.1,9.4,29.7,23.6,0.839,1,11.8
Alabama St,19.6,0.303,20.4,0.341,58.8,0.405,58.9,0.487,17.8,16.3,18.3,20.4,0.705,13,12.2,70.1,10.4,10.8,21.7,25,0.233,0.333,-7.3
Albany,23.3,0.322,18.9,0.353,56.6,0.466,55.3,0.565,18.5,16.3,17.6,20.4,0.729,13,11.3,69.3,8.3,7.2,21.3,24.2,0.207,0.4,-5.6
*Alcorn State,17.6,0.296,22.3,0.333,58.7,0.461,54.6,0.525,19,17.6,20.6,21.3,0.722,12.6,14.5,70.3,10.5,9.1,20.8,21.7,0.6,0.75,-4.7
American,18.4,0.346,17.5,0.385,50.9,0.558,52,0.487,15.1,15.2,14.2,16.7,0.701,14,12.2,64.9,6.9,7.2,21.3,19.4,0.531,0.714,-5.4
App State,21.6,0.329,22.3,0.334,56.3,0.483,58.1,0.464,14,15.7,16.5,14.4,0.651,10.8,11.3,67.5,7.3,9,23.9,24.4,0.448,0.444,-1.6
AR Lit Rock,18.5,0.325,22.9,0.395,61.8,0.494,59.1,0.541,19.9,17.9,19.7,21.9,0.737,13.2,14.1,74.6,9.7,9.1,22.8,24.1,0.276,0.385,-7
Arizona,22.8,0.378,24.5,0.328,59.7,0.564,63.5,0.462,17.1,19.5,21.9,16.5,0.717,13.5,12.5,74.8,9,8.8,27.3,21.8,0.807,0.8,8.9
Arizona St,23.7,0.313,23.1,0.334,60.5,0.485,58.7,0.433,18.6,17.9,18.4,19.4,0.695,11.9,14.5,72.1,9.2,10,24.1,24.7,0.645,0.667,7.1
Ark Pine Bl,24.4,0.311,19.4,0.345,56.3,0.44,54.3,0.511,20.6,16.9,19,23.5,0.741,15.3,15.2,72.4,8.1,8.4,21.3,25.2,0.222,0.1,-8.4
Arkansas,16.1,0.321,17,0.309,57.3,0.535,55.9,0.465,19.1,18.9,22.1,21.5,0.69,12.7,14.5,72.3,8.6,7.9,23.9,21.5,0.613,0.286,9.8
Arkansas St,17.9,0.346,18.3,0.364,53.6,0.455,54.1,0.48,16.7,17,18.8,18.8,0.676,11.7,10.7,65.6,8.8,8.1,22.7,23.6,0.333,0.444,-4.9
Army,20.9,0.349,21.9,0.331,55.1,0.548,57.9,0.524,16.2,16.3,17.3,16.5,0.698,13,10.6,69.3,6.8,7.3,24.2,22.3,0.484,0.5,-6
Auburn,20.9,0.314,19.6,0.288,58.8,0.508,56.6,0.463,19.3,17.7,20.6,22,0.704,12.5,13.2,70.7,10,10.1,23.3,21.6,0.645,0.4,9.5
Austin Peay,21.9,0.312,18.8,0.344,56.8,0.46,53.4,0.564,16.8,14.8,14.9,19.8,0.74,11.5,12.9,67.6,7.6,8.3,19.3,24.4,0.214,0.333,-5.2
Ball State,20.4,0.372,19.1,0.382,55.3,0.518,57.9,0.476,16.8,20.4,23.7,18.3,0.684,12.1,11.5,69.8,9,8.2,23.2,21.9,0.621,0.444,-2.8
Baylor,26,0.368,21.3,0.32,57.8,0.511,56,0.532,17.4,18.6,21.7,17.7,0.746,12.4,13.5,70.1,10,8.4,20.7,20.4,0.71,0.667,11.7
Bellarmine,22.3,0.326,27.3,0.363,51.6,0.539,52.5,0.55,16.5,15.1,13.1,16.7,0.771,11.5,11.2,64.2,5,7.6,20.7,22.5,0.4,0.778,-2.6
Belmont,24.6,0.389,20,0.356,59.5,0.532,59.6,0.498,15.8,14.8,14.5,17.4,0.725,11.6,12.3,71.2,7,8.7,23.3,23.3,0.645,0.667,0.1
Beth-Cook,19.2,0.357,21.6,0.35,57.9,0.432,58.4,0.522,17.8,17.3,18.7,20.4,0.698,13,13.5,71.7,7.9,10,21,25.5,0.345,0.5,-8.8
Binghamton,16.9,0.319,20.3,0.333,57,0.501,57.2,0.5,18.2,16.3,16.2,20.5,0.714,13.1,10.5,69.6,7.9,8.2,23.8,22.3,0.393,0.546,-5.7
Boise State,21.5,0.357,20.7,0.303,56.7,0.508,56.8,0.478,16.5,16.5,17.1,15.5,0.745,11.4,11.9,68.8,7.7,6.9,25.4,22.5,0.733,0.625,5.5
Boston Col,17.7,0.32,22.8,0.368,56.7,0.488,57.1,0.489,15.8,15.2,15.5,15.6,0.725,12.5,12.6,68.7,8.3,7.9,22.5,23.5,0.484,0.625,4
Boston U,22.2,0.324,21.1,0.338,57.3,0.459,53.6,0.503,17.7,16,16.6,19.6,0.74,11.9,12.2,68.2,8.8,7.1,23.3,23.8,0.452,0.5,-4.9
Bowling Grn,21.3,0.338,22.3,0.364,60.1,0.504,59.7,0.538,18.1,17.8,19.5,20,0.708,12.5,11.6,72.8,8.9,8.2,23.2,23.9,0.31,0.4,-4.4
Bradley,22.3,0.356,20.4,0.323,56.7,0.527,53.2,0.456,16.1,15.8,15.3,16.8,0.665,11.8,12.7,67.1,8.6,7,24.4,22.2,0.727,0.667,1.7
Brown,23,0.347,21.1,0.35,57.7,0.498,57.1,0.504,16.2,17,17.2,15.3,0.642,13.3,13.8,71.4,8,6.5,24.5,24.5,0.519,0.429,-1.2
Bryant,23.3,0.332,24,0.34,59.6,0.532,61.6,0.493,17.5,17.8,19.6,19.6,0.735,13.5,11.4,74.1,8.7,7.8,26.3,23.6,0.536,0.5,-3.2
Bucknell,20,0.345,20.6,0.364,54.2,0.511,57.4,0.494,15.6,14.8,14.5,15.9,0.718,13.4,10.3,67.9,6.6,7.2,24,22.3,0.355,0.4,-5.8
Buffalo,21,0.315,21.2,0.346,61.8,0.51,60.3,0.519,19.3,17.2,19.6,22.2,0.703,14.3,13.6,75.7,10,8.7,24.1,23.3,0.448,0.8,-0.7
Butler,19.5,0.33,19.5,0.322,54.9,0.498,58.2,0.511,13.4,14.3,14.6,13.1,0.737,11.8,12.5,68.3,5.5,8.5,22,24.4,0.452,1,7.2
BYU,23.1,0.327,21.2,0.339,58.5,0.531,56,0.487,19.5,17.8,19,21.2,0.725,14.3,13.2,72.8,9,6.5,24.4,21.1,0.531,0.444,4.2
Cal Baptist,24.4,0.328,18.4,0.303,56.7,0.492,56.4,0.49,17.4,17.7,17.5,16.6,0.661,11.8,10.5,67.5,8.7,7.8,24.3,23.4,0.483,0.375,-1.5
Cal Poly,18.7,0.289,17.8,0.355,51.6,0.464,50.4,0.494,19.6,17.3,15.8,20.9,0.747,13.5,12.2,66.4,6.2,6.2,21.3,22.4,0.172,0.125,-3.7
Cal St Nrdge,17.6,0.316,20.6,0.349,53.4,0.428,53.8,0.501,19.1,18.2,19.5,21.1,0.733,12.8,11.8,67.3,7.9,8.7,21.4,24.4,0.172,0.6,-4.4
California,16.5,0.3,21.2,0.332,52.9,0.433,55.2,0.528,17.1,16.5,16.8,18.2,0.721,13.1,10.3,66.5,6.7,8.4,21,23.8,0.097,0.167,4.1
Campbell,20.1,0.329,22.4,0.344,52.1,0.547,54.1,0.532,16.7,18,19.8,17.4,0.698,11.8,12.1,67,6,7.7,21.8,22.3,0.438,0.429,-4
Canisius,24.1,0.339,18.5,0.364,59.6,0.479,58.3,0.519,15.8,15.8,15,16.3,0.729,12.2,12.8,70.4,8.7,8.3,21.4,23.6,0.321,0.25,-3
Central Ark,26.3,0.316,24.9,0.363,63.8,0.468,63.4,0.548,16.3,14.7,15.5,18.3,0.751,13.3,12.3,75.3,9,9.2,22.4,26.9,0.267,0.6,-4.6
Central Conn,20.9,0.327,21.3,0.354,58.6,0.475,57.4,0.502,14.1,13.8,13.7,15.2,0.709,12.2,10.9,68,8.6,8.2,22.3,23.5,0.313,0.3,-7.6
Central FL,24.8,0.359,21.3,0.308,57.9,0.481,54.3,0.49,16.9,16.7,17.4,18.4,0.772,13.3,14.8,69.5,9.9,8.5,21.4,20.7,0.567,0.455,4.9
Central Mich,20.7,0.3,22.8,0.356,54.3,0.474,56.3,0.508,20.2,19.7,20,23.1,0.704,15.8,13.2,71,8.9,9.2,21.8,22.8,0.276,0.5,-5
Charl South,22.9,0.341,22.5,0.362,58.4,0.497,55.9,0.543,18.4,15.2,16,20.4,0.729,12,11.1,68.3,9.5,8.8,20.7,22.5,0.276,0.375,-4.7
Charlotte,21.4,0.375,20.4,0.344,52.4,0.533,52.7,0.491,14.1,13.6,13,13.5,0.747,10.8,11.2,63.6,5.7,6.6,22.4,21.5,0.581,0.429,0.3
Chattanooga,29.9,0.373,25.4,0.342,57.4,0.518,59.3,0.506,16.4,16.9,18.4,17.9,0.716,12.1,10.6,70.4,7.8,8,24.1,23.3,0.469,0.333,-1.7
Chicago St,23,0.329,21.1,0.357,55.1,0.484,56.5,0.531,19.1,16.3,17.6,20.3,0.726,14.1,11,67.6,9.8,9.6,20.7,21,0.259,0.333,-5.1
Cincinnati,25.2,0.358,18.2,0.321,63.2,0.512,59.5,0.477,16.3,15.5,16,17.8,0.705,10.8,11.9,71.9,9.4,8.3,24.3,22.9,0.633,0.5,4.7
Citadel,21.3,0.325,23.9,0.339,54.9,0.496,57.6,0.535,16.9,15.9,15.9,19.5,0.753,12.3,11.5,68.7,5.7,9.9,22,24.9,0.29,0.429,-3.9
Clemson,22.6,0.369,23.7,0.334,56.5,0.54,57.7,0.455,17.7,17.1,17.4,18.2,0.793,11.1,11.5,69.9,6.4,7.5,26.4,23.1,0.71,0.625,5
Cleveland St,15.9,0.303,21.7,0.316,60,0.51,57.9,0.487,16.8,16.5,18.2,17.7,0.688,11.6,14,69.4,10.9,10.8,21.7,21.3,0.645,0.7,-4.1
Coastal Car,22.6,0.306,28.6,0.367,59.6,0.484,60.8,0.513,16.5,16.3,17.2,17.8,0.788,12.3,10.7,70.3,9.3,10,23,23.6,0.286,0.455,-3.3
Col Charlestn,30.1,0.336,19.3,0.305,63.5,0.528,60,0.492,16.9,18.4,20.7,14.8,0.743,11.9,13.7,73.2,11.9,7.7,25.7,22.7,0.906,0.8,-1.5
Colgate,20.1,0.41,21.4,0.358,57.8,0.568,58.4,0.516,12.6,14.9,16,12,0.661,10.3,12.2,69.2,6.7,6.9,24.1,22.1,0.75,0.444,-3.3
Colorado,20.4,0.316,19.3,0.321,58.9,0.492,56.5,0.474,16.1,17.6,18.3,17.8,0.691,13.4,13.9,71.6,9.4,7.3,24.2,23.4,0.516,0.375,7
Colorado St,20.9,0.357,24.4,0.363,54.1,0.565,56.4,0.513,16.3,16.6,15.9,16.7,0.738,11.2,11.9,68.2,4.9,7.8,23.3,22.7,0.433,0.571,4.1
Columbia,24,0.304,21.5,0.331,58.9,0.454,62.3,0.532,17.1,15.4,16.5,17.9,0.711,14.2,12.5,72.9,8,10.4,22,26.6,0.185,0.5,-5.6
Connecticut,25.1,0.356,15.9,0.297,60.3,0.531,54.4,0.454,18.3,17.5,19.5,21.4,0.758,12.9,13.5,70.9,11.8,7,24.3,19.5,0.774,0,9.9
Coppin State,24.8,0.34,26.5,0.343,56,0.516,63.7,0.546,19.6,17.7,20.9,21.7,0.717,14.9,13.7,76,5.2,11.5,22.5,27.2,0.29,0.6,-3.7
Cornell,29.7,0.347,23.3,0.356,61.8,0.584,58,0.572,17,17.6,17.8,17.8,0.719,12,15.8,74.1,8.2,8,21.4,23,0.6,0.5,-1.7
Creighton,24.8,0.358,18.4,0.335,59.1,0.55,62.6,0.456,13.1,16,16.5,12.5,0.76,11.7,10.1,71,7.7,7.6,27.3,23.1,0.645,0.333,10
CS Bakersfld,13.1,0.326,21.1,0.345,52.9,0.439,49.4,0.512,19.5,15.3,15.9,22,0.759,12.8,13.2,65.9,7.2,7.3,20.8,22.3,0.276,0.2,-3.3
CS Fullerton,20.8,0.364,21.7,0.309,54,0.465,55.1,0.495,17.9,19.4,21.1,17.9,0.697,12,13.9,68.7,7.7,8.4,22.6,23.4,0.571,0.546,-1.1
Dartmouth,23.8,0.326,20.7,0.34,57.3,0.508,59.2,0.516,17.7,17.2,16.7,18.7,0.696,14.3,11.7,72.5,6.8,7.6,23.5,24.9,0.308,0.625,-3.1
Davidson,20.5,0.326,21.1,0.328,55.4,0.517,57.6,0.512,15.2,17.9,18.4,15.7,0.75,10.9,11.4,68.1,6.8,8.6,22.6,24,0.483,0.357,1.4
Dayton,19.3,0.349,21.6,0.288,52.4,0.543,57.3,0.455,13.7,17.4,18.6,13.7,0.69,12.3,10.5,65.9,7.8,8.1,25,19.5,0.645,0.25,2.6
Delaware,20.5,0.32,19.8,0.366,56.2,0.505,57.1,0.501,16.4,17.7,18.6,16.8,0.734,11.2,12.6,69.1,7.1,8.5,21.7,24.4,0.5,0.583,-2.9
Delaware St,17.3,0.314,23.8,0.395,56.4,0.456,56,0.509,18.1,17.1,16.2,20.7,0.696,16.3,13.3,70.7,9.3,8.8,22.1,23.2,0.185,0.5,-7.9
Denver,14,0.329,24.3,0.339,53.8,0.534,60.7,0.522,17.2,18.8,21.2,16.8,0.726,14.8,10.9,71.2,7.8,8.1,24.3,19.4,0.433,0.556,-7
DePaul,22.8,0.361,21.1,0.349,59.8,0.458,60.4,0.509,18.2,16.6,16.8,21.4,0.738,12.9,12.7,72.9,7.9,10.3,21.8,25.7,0.29,0.286,6.8
Detroit,26.2,0.387,23.1,0.368,61.4,0.464,58.6,0.526,16,16.9,16.7,17,0.772,12,11.7,69.9,11.4,8.5,22.1,22.2,0.406,0.167,-2.6
Drake,20.9,0.367,21.8,0.312,57.5,0.519,56.9,0.475,14.9,17.1,16.6,15.2,0.771,10.5,12,69.3,7.1,6.4,25.8,23.4,0.788,0.556,1.3
Drexel,22.3,0.318,16,0.335,55.4,0.506,56.3,0.462,14.6,17.1,16.7,13.6,0.681,11.7,11.7,66.9,8.3,7.3,23.2,22.1,0.516,0.3,-3.8
Duke,20.6,0.329,20.1,0.308,58.2,0.506,57.8,0.464,15.1,16.3,17.4,13.4,0.768,12.2,11.1,67.5,11.3,7.8,25,20.1,0.742,0.778,8.1
Duquesne,24.4,0.367,19.5,0.352,62,0.488,57,0.486,18.5,16.3,16.4,19.5,0.692,11.9,14.5,70.9,10.7,10,22.1,23.5,0.645,0.571,0.4
E Carolina,24.2,0.318,19.6,0.33,57.6,0.471,57.7,0.501,17.9,17.8,21.5,19.3,0.69,13.2,11.9,70.3,10.5,8.7,22.9,22.8,0.484,0.444,0.2
E Illinois,15.9,0.326,24.8,0.346,57.3,0.477,58.3,0.524,18.2,17.4,18.6,18.9,0.634,13.5,13.9,71.5,7.8,10.1,22.2,25.1,0.241,0.25,-7.9
E Kentucky,23.5,0.315,24.5,0.34,64.4,0.478,61.2,0.485,15.9,15.4,16,15.7,0.651,12.1,13,72.4,11.6,9.4,24.1,24.8,0.567,0.733,-2.1
E Michigan,19.7,0.314,24.8,0.341,58.7,0.503,59.8,0.587,19,16.6,18.9,20.9,0.765,11.9,12.1,72.5,6.9,9.5,20.8,24.5,0.233,0.25,-3.1
E Tenn St,19.4,0.321,24.7,0.329,55.7,0.518,57.3,0.518,15.5,16.4,17.4,15.4,0.67,13,11.6,68,8.9,8.2,22.8,22.1,0.333,0.231,-3.4
E Washingtn,24.1,0.357,25.7,0.325,54.9,0.588,58.9,0.507,17.6,17.9,17.6,17.4,0.753,13.7,10.9,69.9,7.5,7.8,24.8,20.4,0.677,0.625,-1.9
Elon,22.4,0.292,26.5,0.352,55.4,0.505,57.9,0.514,16.4,16,15.3,16.8,0.705,12.2,11.4,67.9,7,9.4,22.2,23.7,0.2,0.25,-5.4
Evansville,19.3,0.322,23.3,0.38,57.5,0.434,56.5,0.549,16.2,16.4,16.9,17,0.63,12.3,13.2,71.4,6.1,6.7,22,28.3,0.156,1,-1.9
*F Dickinson,23,0.343,22.4,0.372,61.7,0.517,55,0.565,19.1,15.8,17,19.2,0.758,11.5,15.2,71.7,9.6,7.5,20.5,22.8,0.548,0.667,-9.2
Fairfield,19.9,0.288,17.5,0.288,54.1,0.479,56.3,0.516,15.3,18,20.4,15.6,0.72,11.8,11.7,67,8.7,8.2,21.7,23,0.414,0.556,-3.7
Fla Atlantic,26.6,0.38,19.4,0.336,59.9,0.538,57.8,0.452,16,16.8,17.6,15.8,0.713,11.3,12.9,70.5,9.2,7.5,25.5,22.6,0.897,0.889,1.5
Fla Gulf Cst,25.5,0.351,23.7,0.334,56.9,0.501,57.7,0.51,15.6,15.7,16.1,16.2,0.737,11.5,11.5,68.4,7.9,8.2,23.4,23.6,0.516,0.417,-2.3
Florida,20.7,0.324,18.7,0.318,57.5,0.507,60.7,0.454,16.3,16.6,20.3,17.8,0.721,10.9,12.1,71.4,7.2,9.4,24.8,25.3,0.516,0.167,8.7
Florida A&M,18.4,0.321,18.6,0.332,52,0.432,53.9,0.518,19.1,16.2,16.3,24,0.705,15.9,11.9,67.7,7.9,9.5,20.8,23,0.185,0.167,-8.2
Florida Intl,20.7,0.327,23.8,0.362,57.9,0.537,59.3,0.505,17.1,15.4,16.5,18.1,0.73,14.8,16.3,73.5,6.8,11.1,20.7,23.6,0.414,0.546,-1.9
Florida St,19.7,0.333,24.1,0.379,57.5,0.491,59,0.509,16.2,16.3,17.6,18.2,0.731,12.2,12,70.8,7.1,9.1,21.1,23.7,0.29,0.6,5.1
Fordham,24,0.319,16.8,0.324,57.7,0.487,55.8,0.457,19.8,19.5,21.9,21.2,0.751,13.7,14.1,72.6,9.4,7.1,25,23.2,0.774,0.875,-1.3
Fresno St,21.8,0.312,19.6,0.374,53.9,0.512,52.2,0.483,16.1,15.4,13.2,16.4,0.773,11.4,12.6,65.1,6.7,7.4,20.7,22.6,0.345,0.4,3.2
Furman,27.3,0.344,20.3,0.33,58.8,0.591,57.7,0.512,17.3,17.5,20.4,18.4,0.735,11,12.7,70.7,8.9,8.3,23.8,22.2,0.774,0.556,-1.3
GA Southern,19.6,0.318,20.3,0.332,57.9,0.484,55.3,0.494,17.3,15.9,16.1,19.1,0.7,10.9,12.3,68.7,7.7,8,23,24.6,0.467,0.444,-2.7
GA Tech,23.4,0.336,20.7,0.308,60.7,0.472,58.6,0.517,16,15,14,18,0.694,10.8,11,69.6,8.5,8.7,23.1,25.1,0.414,0.5,3.5
Gard-Webb,18.4,0.328,19.9,0.347,54.8,0.515,52.6,0.474,19.3,17.6,19,20.9,0.625,13.2,13.7,69.4,7.9,6.6,23.2,22.7,0.448,0.357,-3.1
Geo Mason,20.9,0.355,20.3,0.304,53.9,0.519,56.9,0.487,17.5,19.4,20,19,0.645,13.7,11.6,69.7,8.1,7.2,25.2,22,0.613,0.5,0.7
Geo Wshgtn,21.8,0.326,24.8,0.351,57.4,0.561,62.6,0.516,16.1,16.9,19.9,17,0.74,12.6,11.1,72.2,7.5,9.5,24.5,22.5,0.5,0.6,-1.1
Georgetown,18.7,0.314,24.4,0.388,60.6,0.475,62.6,0.504,14.5,15.6,17.9,15.4,0.714,12.4,11.2,72,9.6,9.2,23.8,24.6,0.226,0.2,4.7
Georgia,21.3,0.316,22,0.323,55.6,0.47,59.5,0.513,15.9,18.3,22.4,17,0.722,13.3,11.7,70.5,8.8,9.1,23.1,23.5,0.516,0.571,4.1
Georgia St,17.3,0.29,18.9,0.365,56.4,0.465,55.9,0.486,17.9,17.4,18.9,19.8,0.721,13.3,11.9,69.7,8.5,8,21.2,22.5,0.25,0.333,-3.2
Gonzaga,20.3,0.38,23.9,0.352,61.7,0.59,60.2,0.517,16.9,19.2,21.2,16.1,0.7,10.5,13.5,73.7,9,7.4,24.3,21.4,0.839,0.714,8.2
Grambling St,14.8,0.352,20.8,0.309,53.1,0.486,53.6,0.441,19.3,18,21.9,22,0.637,14.5,14.4,69.4,8.6,9,23.6,21.9,0.714,0.625,-5.9
Grd Canyon,22.1,0.359,18.7,0.326,55,0.496,58.4,0.46,18.3,18,20,18.9,0.72,12.5,10.5,68.6,8.5,9.1,24,21.1,0.607,0.5,-0.3
Hampton,21.9,0.322,21.6,0.379,60.1,0.433,59,0.522,18.3,18,19.3,20.9,0.687,11.1,10.9,71.3,8.5,9.1,22.1,26.9,0.226,0.5,-5.8
Hartford,21.6,0.32,21.5,0.387,53.7,0.474,57.4,0.538,14.8,14.3,13,15.9,0.657,15,11.6,67.8,6.8,9,19.6,23.6,0.08,0,-10.8
Harvard,20.7,0.301,22.2,0.315,56.7,0.52,57.4,0.497,14.8,16.8,17.7,14.3,0.68,13.5,12.5,69.2,9.6,7.3,24.4,22.8,0.462,0.364,-2
Hawaii,20.2,0.328,14.7,0.297,54.4,0.484,56.5,0.447,16,18.5,18.4,15.4,0.749,12,11,67.2,8.1,7.5,23.5,21.9,0.677,0.5,-2.5
High Point,23,0.323,23.7,0.325,58.1,0.514,61.7,0.52,18.8,19.2,22.5,21.8,0.628,14,11.7,73.3,9.7,10.2,24.4,24,0.414,0.636,-5.3
Hofstra,23,0.368,22,0.309,58.7,0.552,60,0.461,14.6,15.4,12.5,15.1,0.741,10.7,12.6,69.4,6.3,10.1,24.4,23.8,0.719,0.75,-0.3
Holy Cross,18.4,0.353,21.2,0.319,57.7,0.465,59.8,0.539,16.3,14.4,14.7,16.6,0.627,12.1,12,70.5,6.3,9.2,22.4,26.7,0.267,0.25,-6.8
Houston,22.6,0.352,22.8,0.28,59.7,0.544,51.5,0.432,16.3,16,16.5,18,0.722,9.8,14.5,66.3,11.7,7.5,24.1,19.1,0.936,0.75,7.5
*Howard,20.8,0.376,21.6,0.349,57.8,0.495,57.7,0.52,17.7,16.8,18.3,20.3,0.725,16.3,14.9,73.2,9.6,8.8,22.1,21.1,0.571,0.875,-5.3
Hsn Christian,23,0.362,20.2,0.378,56.5,0.494,61.4,0.579,18.4,20.2,23,20.4,0.727,15.4,12.1,74.1,8.6,9.3,21,23.3,0.241,0.4,-10.2
Idaho,19.2,0.32,18.4,0.387,52.9,0.542,56.5,0.526,17.3,18.9,18.9,17.9,0.771,11.6,10.8,68.1,5.2,7.8,21,23.4,0.267,0.5,-5.5
Idaho State,22.2,0.333,18.5,0.325,55.8,0.513,55.2,0.526,17.8,18,16.1,19.5,0.733,11.6,12,68.7,6.9,7.2,21.3,23.3,0.3,0.273,-4.3
IL-Chicago,24.1,0.332,19.8,0.343,55.6,0.479,57.3,0.511,17.5,17.5,19,18.9,0.657,12.7,13.6,71.5,6.3,8.1,21.3,26.1,0.355,0.333,-3.4
Illinois,24.9,0.31,18,0.334,59,0.554,58.5,0.449,16.7,18.2,20.1,17.2,0.682,13,13.2,71.6,10.2,8,25.5,22.2,0.645,0.333,9.1
Illinois St,21.6,0.336,20.8,0.337,53.1,0.5,55.3,0.526,18.4,17.3,16.6,18.8,0.793,14.6,11.1,68.4,7.1,7.1,22.3,20.9,0.344,0.2,-2.6
Incar Word,18.3,0.341,19,0.368,56,0.473,56.8,0.539,17.4,16.8,18.6,18.6,0.75,13.9,14.3,71,7.5,9.2,19.8,23.9,0.321,0.5,-9.6
Indiana,15.5,0.376,22.5,0.33,58.1,0.53,58.9,0.463,17.4,16.3,17.6,17.9,0.714,11.9,11.4,70.3,7.7,8.9,25.3,22,0.677,0.667,10.3
Indiana St,26.5,0.357,21,0.318,57.3,0.588,58.1,0.485,16.7,16.5,18.3,18.2,0.768,11.9,12.5,72.4,5.8,6.6,25.5,23.4,0.636,0.417,-1.1
Iona,19.5,0.358,19.8,0.295,61.6,0.509,57.5,0.471,16.6,16,17.6,18.4,0.728,10.5,14.5,70.9,10.1,9.2,23.4,22.3,0.774,0.25,-0.9
Iowa,23.7,0.346,19.4,0.365,63,0.52,60,0.525,14.8,18.2,20.6,14.2,0.737,9.9,13.2,72,10.5,8.1,23.3,24.1,0.613,0.429,9.5
Iowa State,19.4,0.336,22.7,0.332,56.9,0.509,48.7,0.492,19.2,17,16,19.5,0.672,12.8,16.7,67.9,9.3,6.7,20.9,21.3,0.6,0.5,11.2
IPFW,27.7,0.335,23.6,0.312,58.8,0.508,59.8,0.552,14.8,16,16.9,13.8,0.717,13.3,12.4,71.8,7.7,7.6,23.4,25,0.5,0.5,-4.3
IUPUI,15.5,0.297,22.4,0.372,53.6,0.517,57.1,0.546,18.4,16.8,17.3,20.6,0.693,15.8,11.4,69.6,7.8,8.9,20.2,21.7,0.1,0,-8.2
Jackson St,19.7,0.32,22.8,0.35,57.7,0.476,56.7,0.53,17.4,16.5,18.8,19.3,0.672,15.5,13.9,71.7,10.1,8.4,21.6,22.4,0.419,0.75,-5.2
Jacksonville,20.3,0.333,26.8,0.321,51.4,0.51,54.2,0.514,14.8,12.3,11.7,14.6,0.77,11.7,8.7,62.7,6,7.2,23.6,21.1,0.385,0.2,-2.9
James Mad,22,0.345,21.8,0.315,59.6,0.514,58.5,0.507,18.2,19.9,23.2,18.6,0.701,13.6,15.6,74.4,9.9,8.4,23.9,23.1,0.633,0.375,-0.5
Jksnville St,23.7,0.359,27.5,0.349,54.5,0.479,56,0.527,16.9,16.9,17.3,16.5,0.702,13.4,10.9,68.1,8.2,6.5,23.9,21.4,0.357,0.222,-3.5
Kansas,20.4,0.348,20.9,0.315,59.8,0.524,58.2,0.467,16.8,16,18,18.8,0.724,12.2,14.2,72.3,8.6,8.7,24.9,23.3,0.807,0.9,12.3
Kansas St,20.6,0.345,21,0.295,57.8,0.514,57.1,0.492,17.8,18.6,21.5,21,0.749,14.2,15,73.4,8.8,8.6,23.5,21.5,0.742,0.714,9.7
Kennesaw St,21.5,0.371,21.9,0.348,56.7,0.513,55.6,0.505,18.2,19.3,20.7,20.1,0.663,12.5,13.7,71.7,7.4,7.1,23.2,23.1,0.742,0.769,-1.9
Kent State,23.1,0.332,22,0.31,59.9,0.519,54.2,0.475,19.6,18.8,18.9,20.9,0.727,11.5,15.8,71.4,9.1,8.4,22.4,22.6,0.793,0.667,-0.1
Kentucky,17.8,0.359,19.8,0.328,59.8,0.503,56.9,0.48,16.1,17.1,19.5,16.9,0.708,11.6,11.3,69.1,11.6,7,24.5,20,0.677,0.667,9.8
LA Lafayette,18.2,0.366,16.9,0.359,57.5,0.522,56.4,0.492,17.2,18.5,21.7,19.1,0.672,12.1,12.4,70.2,9.7,7.7,23.3,20.6,0.767,0.714,-0.8
LA Monroe,21.4,0.342,22.1,0.36,56.8,0.416,57.4,0.503,15.6,16.1,17,16.4,0.709,12.6,11.9,68.8,8.4,8.4,22.1,25,0.276,0.429,-3.2
La Salle,21.9,0.345,20,0.353,60,0.464,58.5,0.513,17.7,16.7,16.8,18,0.692,12.5,12.5,70.7,9.6,9,22,24.2,0.419,0.556,-0.1
LA Tech,24,0.346,23.1,0.385,57.6,0.509,53.5,0.508,17.4,15.6,15.8,20.5,0.735,13.6,14.5,70.3,8.4,7.4,21.3,21.8,0.393,0.364,0.1
Lafayette,26.6,0.333,22.3,0.34,54.8,0.483,53.7,0.5,15.4,14.5,13.6,15.8,0.627,11.8,12,66.1,7.1,7,22.4,25.5,0.333,0.25,-3.3
Lamar,17.1,0.319,26.3,0.341,56,0.475,59.8,0.545,16,16.5,18,18.4,0.711,14.4,11.6,69.7,9.5,10.4,22.4,22.3,0.214,0.375,-10
Lehigh,18.6,0.35,20.6,0.328,55.3,0.484,59,0.51,16.8,15.5,17.2,16.9,0.751,12.1,11.5,70.8,4.8,7.6,23.9,25.3,0.5,0.556,-5.7
Lg Beach St,14.7,0.302,24.8,0.337,63.2,0.496,62.4,0.488,17.1,18.6,21.3,18.6,0.677,13.9,13.4,75.9,11,8.9,26.1,22.9,0.5,0.417,-1.2
Liberty,27.3,0.365,19.4,0.349,56.2,0.565,52.3,0.475,15.1,16,14.5,14.5,0.723,10.3,12.6,66.4,7,5.5,23.7,21.9,0.742,0,-0.7
Lindenwood,20.4,0.362,24.9,0.352,57.2,0.457,60.2,0.52,16.4,15.5,16.2,18.7,0.731,13.8,12.5,72,6.8,9.5,22.9,25.4,0.276,0.5,-8
Lipscomb,22.5,0.36,24,0.343,59.6,0.535,61.6,0.494,14.4,14.2,14.1,14.3,0.763,12.2,11,71.7,6.9,7.4,25.5,23.2,0.567,0.5,-2.8
LIU,13.9,0.32,21.8,0.374,57.1,0.448,62,0.546,17.7,16.7,18.1,19.9,0.666,16.6,12.2,74.8,7.2,9.1,22.4,25.7,0.037,0.5,-9.9
Longwood,21.2,0.343,22,0.347,57,0.495,52.4,0.505,16.8,17.2,19.1,17.5,0.716,11.9,14.4,68,9.8,7.3,22,22,0.6,0.5,-4.4
Louisville,19.2,0.33,23.2,0.354,53.2,0.474,58.1,0.549,16.3,16.7,17.2,17.6,0.739,15.1,10.4,68.5,7.7,8.7,22.2,22.1,0.129,0,4
Loyola Mymt,25.2,0.365,18.9,0.344,58.5,0.519,57.2,0.52,19.5,18.7,18.5,20,0.67,12.8,11.3,71.5,8.5,6.7,23.6,21.9,0.6,0.7,2.6
Loyola-Chi,21.1,0.336,20.6,0.344,52.8,0.548,55.1,0.517,19.4,17.1,16.4,20.7,0.692,15,12.1,69.2,6.3,7.9,21.5,21.4,0.333,0.333,0.2
Loyola-MD,21.2,0.356,19.9,0.372,54.5,0.5,54.4,0.553,16,16.5,15.4,16.2,0.646,13.6,13.4,67.8,7.6,7.6,20.7,23.1,0.355,0.5,-6.1
LSU,22.2,0.333,23.7,0.345,56.1,0.467,56.5,0.522,16.7,16.3,18.8,16.5,0.719,12.6,11.7,68.2,9.2,8.3,21.9,23,0.419,0.556,5.5
Maine,19.8,0.338,20.4,0.346,56,0.512,55.5,0.543,15.1,12.9,12.9,15.9,0.722,12.6,13.6,68.4,5.9,8.7,20.1,24,0.393,0.636,-4.6
Manhattan,19.9,0.338,20.9,0.366,55.6,0.492,57.6,0.496,16.5,16,17.8,17.6,0.661,13.6,14.3,69.9,7.7,10.4,20.7,23.1,0.393,0.667,-4.9
Marist,23.8,0.324,21,0.37,55.5,0.478,56.6,0.457,15.2,14.8,15,16.2,0.69,11.7,11.2,66.9,7.7,8.4,23.2,24.1,0.345,0.429,-5
Marquette,25,0.354,21.5,0.359,60.8,0.595,57.1,0.511,16.1,15.2,16.7,16.7,0.714,10.7,16.2,72.3,7.3,8.9,21,23.3,0.807,0.444,8.9
Marshall,24.3,0.336,21.4,0.319,65.7,0.539,62.8,0.477,16.5,14.5,17.2,17.6,0.698,11.4,14.7,75,10.2,11,24.5,24.2,0.742,0.167,-1
Maryland,20.6,0.327,17.6,0.318,55.2,0.53,54.9,0.475,15.8,18.1,18.8,15,0.737,10.7,11.9,66.1,8.6,7.8,22.9,21.5,0.645,0.143,9.2
Maryland BC,23.6,0.34,22.8,0.378,60,0.516,58.7,0.505,14.5,15.8,16.2,15,0.747,10.2,11.6,69.8,7.9,7.9,23.2,24,0.548,0.5,-5.4
Maryland ES,22.9,0.334,20.4,0.328,56.6,0.464,54.4,0.515,17.2,16.3,17.4,19,0.712,14.9,17.4,71.3,8.6,9.4,20.1,24.3,0.52,0.5,-6
Mass Lowell,18.1,0.376,18,0.344,58.3,0.525,56.7,0.445,17.2,17.5,19.2,19,0.741,14,14,71.2,10.6,8,24.1,19.8,0.767,0.5,-5.1
McNeese St,23.3,0.326,22,0.397,57.8,0.497,56,0.525,19.4,15.5,16.7,19.8,0.663,14.7,12.8,69.7,10.3,9,21.2,22.6,0.313,0.417,-7.5
Memphis,17,0.344,25.8,0.314,59.9,0.535,59.8,0.482,18.5,18.8,21.6,20.9,0.741,13.7,15.5,75.4,8.6,9.7,23.3,21.2,0.742,0.5,7.2
Mercer,17.2,0.327,18.5,0.33,56.3,0.488,54.4,0.484,18.2,15.5,16.1,19.5,0.691,11.9,11.4,67.1,9.1,7.6,22.3,22,0.387,0.25,-2.5
Merrimack,22.8,0.325,17.8,0.328,51.2,0.482,54.5,0.491,14.6,16.5,17.7,14.5,0.683,14.5,17.3,68.7,5.5,9.8,19.7,25.5,0.484,0.4,-7.8
Miami (FL),20.5,0.372,22.5,0.331,59.6,0.545,59.9,0.519,14.2,15.2,18.2,14.1,0.78,11.5,12.7,70.8,9.2,8.2,23,20.6,0.8,0.6,6.8
Miami (OH),23,0.33,20.6,0.353,55.8,0.54,57.5,0.535,18.8,17.7,17.8,21.1,0.787,13.7,12.4,70.4,7.1,9.8,20.5,22.4,0.321,0.222,-4.7
Michigan,22.3,0.346,20.6,0.32,59.4,0.512,60.9,0.48,15.5,17,18.2,16.1,0.703,10.1,10.3,70.5,7.9,8,26.4,24.6,0.548,0.25,9
Michigan St,19,0.401,22.2,0.309,57.3,0.478,57.8,0.489,16.6,16,14.7,16.7,0.764,11,9.9,67.9,7.1,7.8,25.1,22.5,0.633,0.75,10.7
Middle Tenn,20.3,0.345,18.2,0.361,57,0.513,53.7,0.498,18.1,15.7,17,18.7,0.678,13.4,15,69.8,9.2,7.2,20.7,21.3,0.552,0.667,0.9
Minnesota,19.1,0.319,18.6,0.359,54,0.49,60,0.492,15.2,16.7,16.5,14.5,0.615,12.8,9.9,67.7,7,8.9,23.1,24.6,0.276,0.5,5
*Miss State,20,0.273,23.2,0.309,56.5,0.512,53.7,0.457,15.2,17.3,19.5,15.1,0.646,12.6,14.6,66.8,11.6,8.6,23.2,21.5,0.645,0.375,7.6
Miss Val St,14.5,0.349,22.1,0.358,52.5,0.428,55.9,0.53,17.9,17.4,20,22.2,0.665,16.1,13.4,70.3,7.9,9.4,20.6,22.8,0.156,0.429,-6
Mississippi,20.3,0.297,19.2,0.339,58.7,0.49,56.8,0.487,16.2,15.6,17.4,17.7,0.698,12.4,12.1,69.2,10.3,8.1,22.3,21.7,0.355,0.273,6.7
Missouri,26,0.362,25,0.355,59.8,0.564,56.9,0.513,18.3,16.8,18.1,20.5,0.756,11.5,17.3,72.3,8.2,11.2,19.7,22.9,0.742,1,7.4
Missouri St,23.9,0.328,20.7,0.326,55.4,0.509,52.9,0.495,15.8,14.1,15.1,16.1,0.626,12.2,11.8,65,9.9,7.1,22.2,21.5,0.516,0.429,0.2
Monmouth,14.1,0.288,25.1,0.37,56.2,0.441,54.7,0.534,19.2,18,18.6,21.2,0.667,14.3,14.3,70,9.2,9.2,20.6,23.6,0.212,0.2,-3.4
Montana,21.2,0.374,18.2,0.323,53.1,0.524,52,0.523,18.4,16.5,15.5,19.8,0.784,11,10.3,65.6,5.9,6.2,21.4,21.1,0.552,0.546,-2.1
Montana St,17.6,0.316,18.3,0.354,52.5,0.531,53.2,0.481,18.6,20.5,22.7,18.9,0.76,11.8,13.5,68.8,6.7,6.4,21.7,21.6,0.7,0.667,-1.7
Morehead St,20.1,0.356,17.6,0.327,53.1,0.471,56.4,0.501,16.1,17.3,19.1,16,0.723,12.5,10.4,67.3,7.2,7.3,23.6,22.4,0.607,0.75,-6.4
Morgan St,17.9,0.363,19.8,0.317,59.9,0.449,58.1,0.521,21.4,17.4,18.9,24.2,0.681,16,17.5,75.9,9.5,10.6,20.8,23.6,0.423,0.667,-7.3
Mt St Marys,18.4,0.365,20.5,0.338,54.7,0.455,56.4,0.485,16.5,15.9,14.5,16.9,0.749,13.7,12.1,67.7,7.7,8.8,21.7,22.5,0.367,0.6,-4.2
Murray St,18.5,0.327,25.1,0.334,56.8,0.491,59.9,0.531,14.7,16.8,18.9,14.6,0.741,11,10.6,69.1,7.8,8.2,23.3,23.6,0.516,0.667,-0.6
N Alabama,20.2,0.361,22,0.377,58.3,0.499,60,0.5,17.1,16,18,19.2,0.707,10.9,10.5,71.5,6.2,8.1,23.4,24.9,0.517,0.857,-4.5
N Arizona,23,0.357,21.5,0.362,60,0.481,54.9,0.561,18.6,17.2,16.1,20.9,0.737,11,11.8,70.4,7.5,6.8,21.7,24.2,0.29,0.25,-2.4
N Carolina,22.5,0.31,19.7,0.331,60.6,0.505,61.8,0.48,16.5,18.9,22.9,16.1,0.743,10.9,10.5,72.7,9.6,7.3,27.2,24.6,0.613,0.444,8.3
N Colorado,22.8,0.364,20.2,0.334,57.5,0.51,60.2,0.545,18.7,17.2,18.1,19.1,0.748,12.2,9.8,71.4,6.4,8.2,23.7,23.8,0.387,0.5,-2.3
N Dakota St,21.9,0.342,21.2,0.342,56.8,0.529,60.8,0.502,15.7,16.8,18.1,16.3,0.713,11.7,8.5,70.2,6.9,6.8,25.9,23.7,0.467,0.5,-3.4
N Florida,28.1,0.364,18.9,0.355,58.8,0.521,64.7,0.521,14,16.2,16.7,15.2,0.72,12.1,9.7,71.3,7.5,10.3,22.5,23.8,0.414,0.455,-2.9
N Hampshire,23.7,0.334,18.7,0.307,57.8,0.426,57.4,0.502,15,15.9,17,16.8,0.697,9.9,10.6,67.4,8.6,8.4,24,25.7,0.482,0.5,-5.6
N Illinois,20.7,0.349,21.4,0.33,56.3,0.525,59.2,0.513,19.4,17.2,19.1,21.2,0.647,14.2,13.2,72.6,7.2,9.7,22.8,23.7,0.414,0.5,-3.4
N Iowa,21.5,0.337,26.2,0.36,55.5,0.517,55.7,0.536,15.6,16.2,17.3,14.7,0.699,12,12.4,69.2,6.1,6.3,23.3,24,0.419,0.429,-0.5
N Kentucky,23.1,0.355,20.4,0.364,56.7,0.476,51.9,0.493,15.6,15.5,15.4,16.3,0.697,11.3,14.9,65.9,9.6,8.5,20.2,22.2,0.613,0.546,-3.1
N Mex State,20.9,0.351,25.5,0.368,57.4,0.488,56.1,0.524,19.3,18.8,20,20.8,0.683,13,13.5,71.7,8.2,7.8,22.5,24.2,0.286,0,0.1
Navy,20.7,0.369,20.6,0.342,57.4,0.493,54.3,0.498,16.1,15.5,13.6,16.3,0.706,11.3,12.7,66.8,8.5,7.7,22.9,21.5,0.567,0.25,-4.2
NC A&T,23.9,0.325,23.8,0.336,59.1,0.465,61.8,0.507,16.9,15.5,17.8,17.6,0.683,12.3,11,71.9,7.9,9.3,23.4,26.4,0.345,0.6,-5.5
NC Central,19,0.338,20.3,0.317,56,0.506,55.8,0.505,19.3,18.2,19.3,18.9,0.716,16,15.1,71.7,9.1,8.5,22.6,20.6,0.542,0.455,-5
NC State,24.3,0.348,18.7,0.314,64.3,0.512,56.9,0.504,17.4,16,16.6,19.5,0.72,9.5,13.4,71.7,10.2,7.7,24.2,24.2,0.71,0.714,6.7
NC-Asheville,19.9,0.388,20.5,0.305,53.4,0.514,60.1,0.491,15.6,20.3,22.1,16.1,0.693,13.9,12.5,71.3,6.8,8.6,24.4,22.5,0.781,0.818,-3.3
NC-Grnsboro,21.9,0.351,23,0.328,56.1,0.493,55.8,0.468,17.1,17.5,18.2,17.5,0.714,12,13,68.8,8.2,7.9,24.3,22.4,0.6,0.286,-0.5
NC-Wilmgton,18.1,0.336,18.7,0.308,52.7,0.484,52.2,0.511,18.9,20.2,21.2,19.6,0.738,12.1,13.7,67.3,8,7.5,21.5,22.1,0.71,0.727,-2.2
Neb Omaha,16.5,0.337,23.7,0.365,56,0.477,58.1,0.52,18.4,15.8,16.6,19.4,0.781,12.6,10.8,69.6,7.2,8.3,22.7,23.9,0.258,0.2,-4.1
Nebraska,20.6,0.326,26.6,0.339,55.7,0.536,61,0.487,13.9,16.7,15.6,13.1,0.638,12.8,12,69.5,7,9.2,25.2,23.8,0.516,0.8,8.5
*Nevada,20.2,0.34,23.4,0.328,54.1,0.505,55.2,0.486,18.1,19.3,21.2,17.4,0.79,10.3,12.9,68.9,5.9,7.1,24.2,23.9,0.7,0.833,5.2
New Mexico,16.2,0.367,24,0.326,59.2,0.527,61.2,0.51,16.6,19.9,23.5,17.4,0.74,11.4,12.7,73.8,7.6,8.6,25.4,22.5,0.667,0.444,4
New Orleans,16.5,0.383,21.4,0.36,55.7,0.509,58.3,0.541,19.8,18.9,20.6,23.2,0.702,17.2,14.6,74.3,8.3,9.7,20.9,21.2,0.345,0.4,-9.2
Niagara,18,0.336,16,0.362,52.4,0.499,53.5,0.48,15.9,16.6,16.1,17.8,0.717,11.8,10.8,65.2,6.7,7.5,21.5,21.4,0.5,0.546,-4.5
Nicholls St,22,0.333,20.5,0.362,61.3,0.505,53.9,0.514,21,17.4,16.9,25.6,0.641,13.3,17.1,73.9,8.7,9.3,19.9,24.5,0.444,0.546,-6.6
NJIT,18.7,0.352,23.3,0.34,57.6,0.461,59.5,0.532,15.6,16.2,16.2,16.6,0.675,10.8,10,68.8,7.1,8.8,23.4,26.1,0.207,0.1,-5.2
Norfolk St,19.7,0.335,26.8,0.352,54.8,0.546,56.6,0.493,17.7,19.5,20.9,20.2,0.75,13.7,12.6,69.4,8.9,9.5,22.8,19.4,0.615,0.6,-5.9
North Dakota,26,0.344,18.5,0.364,58.4,0.506,58.7,0.53,16.2,17.3,16,16.5,0.691,11.4,10.6,69.4,7.9,7.8,22.3,25,0.355,0.333,-5
North Texas,20.7,0.357,16.1,0.31,50.5,0.493,47,0.453,16.4,16.2,16,18.7,0.759,11.8,12.3,60.9,8.8,7.3,20.8,18.6,0.793,0.7,1.6
Northeastrn,21.2,0.332,17.2,0.349,56.8,0.469,58.3,0.492,16.7,15.4,15.8,18.5,0.685,14.4,9.7,69.2,9.4,7.8,23.5,22,0.333,0.364,-3.5
Northwestern,23.9,0.323,22.5,0.339,57.7,0.47,52.9,0.466,16,16.5,17.1,16.3,0.749,9.9,14.2,67.3,8.8,7.3,23.2,24.3,0.677,0.556,8.6
Notre Dame,24.7,0.358,21.1,0.343,57.2,0.508,58.5,0.523,14.1,14.5,13.4,15.3,0.762,8.8,8.9,66.9,5.5,7.8,23.3,25.7,0.355,0.273,3.6
NW State,23.9,0.356,19,0.329,61.7,0.497,55.1,0.512,18.9,16.9,16.7,22,0.689,11.9,14.5,71.1,10.2,9.3,20.4,22.3,0.667,0.778,-5.7
Oakland,23.4,0.306,24.1,0.374,59.2,0.513,61.5,0.539,14,16.6,18.7,13.8,0.781,10.6,13.2,71.4,7.4,9.8,21.3,25.3,0.387,0.6,-3.2
Ohio,23.7,0.373,22.9,0.343,61.8,0.504,58.5,0.517,17.9,16.2,17.2,19.8,0.733,11.1,12.3,71.1,10.3,8.7,23.1,22.7,0.567,0.333,-1.4
Ohio State,18.6,0.358,22,0.327,59.4,0.508,58.6,0.493,16.1,15.6,15.7,16.1,0.745,10.9,10.7,68.4,9.6,8.4,24,21.7,0.419,0.125,9.7
Oklahoma,19.8,0.354,17.6,0.314,53.3,0.531,57.6,0.488,16.2,15.6,15.9,17.4,0.734,13.5,10.4,68.3,5.9,8.2,23.9,21.5,0.484,0.364,10.7
Oklahoma St,22.3,0.318,21.8,0.32,56.4,0.518,57.6,0.454,17.2,17.6,18.4,17.9,0.699,14.2,13.2,70.7,8.9,8.4,24.2,21.5,0.548,0.444,10.2
Old Dominion,16.9,0.315,23.5,0.317,56.8,0.461,55.5,0.488,16.9,17.9,20.5,19.2,0.68,11.3,11.7,67.7,10.4,8.2,23.6,22.5,0.6,0.667,-0.7
Oral Roberts,28.4,0.371,25.1,0.346,62.8,0.562,62.1,0.47,13.7,14.8,15.2,13.3,0.778,9.3,12.4,72.2,7.1,8.7,26.1,25,0.862,1,-1.7
Oregon,22.3,0.324,21.6,0.342,56.5,0.538,58.1,0.462,14.8,17.3,17.7,14.3,0.707,12.4,11.1,68,9.5,7.7,24.3,20.9,0.581,0.429,8.1
Oregon St,18.9,0.325,21.1,0.34,51,0.457,54.1,0.491,17.7,16.6,17.2,18.4,0.751,13.5,11.8,65.8,6.7,9,21.3,22.5,0.333,0.556,2.6
Pacific,22.7,0.384,24,0.349,58.5,0.496,59.2,0.551,19,18,19.4,21.5,0.727,11.6,12.8,73.2,6.2,9,21.5,24.9,0.452,0.571,-0.9
Penn State,27.7,0.389,22,0.347,57.4,0.539,57.8,0.487,15.3,12.9,10.8,14.8,0.737,8.8,9,66.4,5,7.5,24.6,25.2,0.613,0.556,8.5
Pepperdine,22.4,0.352,21.4,0.363,62.4,0.516,63.9,0.516,17.8,16.7,16.7,20.9,0.715,13.8,12.4,76.5,8,9.4,24.5,24.4,0.241,0.2,0.8
Pittsburgh,26.2,0.36,23.1,0.332,58.4,0.524,58.5,0.475,16.3,17.8,18.4,17.9,0.757,11.3,11.6,69.6,8.9,8.8,24.6,22.5,0.677,0.6,5.7
Portland,24.9,0.374,27.1,0.374,54.9,0.518,61.9,0.532,17.7,21.5,23.7,17.2,0.745,12.9,12.1,72.8,6.8,8.9,22.8,23.4,0.387,0.286,1.3
Portland St,21.3,0.33,18.1,0.368,59.1,0.497,54.1,0.55,23,19.5,20.6,25.2,0.732,12.1,15.4,73.9,6.9,7.8,19.6,25.1,0.345,0.556,-2.7
Prairie View,19.9,0.309,18.8,0.334,58.4,0.447,53.8,0.479,19.3,18.1,19.6,22.5,0.678,13.9,14.8,71.3,10,8.3,22.1,23.8,0.379,0.364,-6.1
Presbyterian,19.1,0.315,18.4,0.385,52.7,0.473,52.6,0.519,19.3,17.1,19.2,20.6,0.62,13.6,12,66.5,9.1,7.6,20.1,22.5,0.1,0,-5.7
Princeton,23.9,0.336,19.3,0.326,58.6,0.542,59.6,0.472,16.1,18.3,18.6,17.5,0.712,12.1,10,71,8,7.5,26.9,23,0.68,0.667,-2
Providence,18.8,0.355,20,0.334,60,0.509,60.1,0.493,15.1,18.4,22.2,15.6,0.746,11.9,11.5,71.6,10.5,7.9,25,21.4,0.677,0.556,7.4
Purdue,21.1,0.327,20.3,0.311,55.4,0.543,58,0.474,13.5,18.4,20.4,10.8,0.747,11.2,10,66,11.1,6.3,25.4,18.1,0.839,0.8,10
Queens,26,0.348,22.2,0.353,58.9,0.505,60.8,0.53,16.1,17.5,21.1,15.5,0.722,12.4,11,71.7,9.3,7.9,24.3,24,0.5,0.5,-3.3
Quinnipiac,22.4,0.365,22.3,0.313,59.4,0.477,60.8,0.484,16.6,17.3,19.9,16.4,0.666,12.9,11.5,71.3,10.2,9,25.2,22.5,0.633,0.6,-3.5
Radford,18.3,0.357,19.6,0.34,55.8,0.505,52.5,0.535,17.3,16.3,16.1,16.9,0.687,12,13.2,66.3,8.8,7.8,21.5,20.9,0.548,0.5,-3.2
Rhode Island,17.7,0.307,20.6,0.323,56.9,0.439,58.7,0.493,18,18,20.8,18.9,0.75,14.3,11.9,71.2,9.1,9.2,23.6,23.4,0.3,0.4,0.2
Rice,24.5,0.355,22.9,0.367,57.4,0.533,61.8,0.544,15.5,18,19.3,15.8,0.739,13,11.5,72.8,7.1,7.6,24.5,24.1,0.5,0.667,-1.8
Richmond,24.4,0.333,23.4,0.336,54.3,0.524,57.4,0.507,15,17.7,18.2,15.1,0.738,11.5,11.3,68.3,6.3,7.4,24.4,24.7,0.452,0.333,1.1
Rider,15,0.333,23.5,0.36,57.8,0.495,54.5,0.472,18.3,16,17,21,0.735,11.7,10.9,67.3,9.6,8.7,23.3,20.6,0.536,0.438,-3.7
Rob Morris,20.9,0.314,17.7,0.362,57.3,0.504,55.5,0.474,16.5,15.5,15.4,17.3,0.724,13.1,12.8,68.5,9.3,8,22.9,22.5,0.452,0.444,-4.9
*Rutgers,17.8,0.319,23.6,0.303,58.7,0.478,54.7,0.461,15.6,16.1,17.1,14.8,0.701,11.6,14.5,68.3,9.7,8.4,24.7,23,0.581,0.625,8.6
S Alabama,21.6,0.345,16.6,0.29,57.7,0.534,57.9,0.479,14.8,13.2,12.9,16.4,0.692,9.7,10.7,67.7,5.8,8.7,23.6,24.4,0.515,0.2,0.3
S Car State,21.4,0.311,21.2,0.396,63.7,0.476,57.3,0.568,20.7,17.6,18.9,25.3,0.664,15.3,15.7,75.8,11.7,9.7,19.3,24.5,0.138,0.222,-4.9
S Carolina,23.7,0.324,21,0.336,57.6,0.457,58,0.541,16.1,15.1,15.8,17.2,0.658,13.3,10.5,67.6,10.3,9.5,21,22.7,0.355,0.556,4.2
S Dakota St,21.4,0.351,23.7,0.332,56,0.512,58.8,0.517,14.4,16.5,15.7,13.6,0.795,11.7,11.8,69.6,5.6,7.5,23.7,24.2,0.581,0.8,-1.9
S Florida,21.9,0.337,22,0.348,59.2,0.513,56.8,0.482,17.9,16.9,18.5,21.2,0.648,13.6,13.2,71.7,9.8,8.4,23.7,22.2,0.452,0.3,1.4
S Illinois,24.1,0.321,18.3,0.33,51.8,0.547,53.8,0.467,16.6,16.1,15.8,16,0.722,12.5,12.7,65.9,5.9,8.3,22.9,22.1,0.688,0.833,-0.1
S Indiana,26.1,0.366,23.1,0.352,61.3,0.472,57.9,0.51,18.7,18.5,20.4,23.3,0.681,13.2,12,73.6,10.3,7.6,24.8,23.9,0.448,0.4,-6.7
S Methodist,20.2,0.311,22.2,0.347,60,0.478,59.6,0.516,17.5,17.8,20,19.6,0.668,12.9,13.6,73.6,8.5,9.2,22.8,24.9,0.323,0.385,3.2
S Mississippi,21.5,0.327,21.8,0.322,57.7,0.524,57.1,0.472,16.6,16.8,18.9,17.3,0.729,11.9,13.5,69.7,9.1,8.9,23.7,22.1,0.759,0.667,-1.3
S Utah,22.1,0.351,21.4,0.352,58.3,0.518,60.4,0.505,19.6,21.4,24.1,19.8,0.736,14.2,13.2,75.5,8.6,7.4,25.4,23.4,0.593,0.625,0.4
Sac State,19.4,0.349,17.2,0.357,54.6,0.5,56,0.516,15.9,15.5,15,14.5,0.707,13.4,9.3,65.9,9,6.5,23,19.6,0.4,0.5,-3.1
Sacred Hrt,21.8,0.306,22.2,0.341,60.4,0.498,60,0.497,15,15.2,16.7,15.9,0.675,13.3,13.7,72.2,8.6,9.8,23.2,24.1,0.469,0.546,-8.8
Saint Louis,19.4,0.35,23,0.34,59.8,0.513,59.9,0.462,17.1,17.3,17.5,19.4,0.73,12.1,10.5,71.2,9,8.4,26.2,22.5,0.633,0.636,3
Sam Hous St,20.3,0.392,22.4,0.33,54.9,0.467,49.6,0.467,18.9,17.1,17.8,19.5,0.69,13.7,15.7,67.8,9,6.9,23,21,0.769,0.833,1
Samford,25.5,0.364,24.6,0.37,55.9,0.526,55.4,0.49,18.7,19.7,22.9,20.8,0.751,12.5,13.8,71.5,7.8,7.7,23.6,21.9,0.643,0.444,-2.4
San Diego,22.1,0.348,24.5,0.41,60.6,0.504,58.8,0.559,18.1,17.5,18.7,19.6,0.768,11.3,12.2,72,8.7,8.3,21.4,24.4,0.31,0.182,-0.3
San Diego St,20,0.353,22.2,0.297,56.8,0.501,54.4,0.507,16.9,18.2,19.1,16.4,0.735,11.9,13.4,68.7,9,7,23.1,20.4,0.793,0.857,6.8
San Francisco,28.5,0.364,19.9,0.339,57.8,0.526,56.9,0.494,18.7,17.3,18.6,21.7,0.746,13.8,12.5,72.2,8.2,7.7,23.8,22.4,0.576,0.5,2.7
San Jose St,23.2,0.333,19.7,0.349,55.8,0.511,55.5,0.47,15.5,15,15.5,15.6,0.675,12.1,8.4,65,10.1,6.3,23.7,20.1,0.6,0.571,3
Santa Clara,22.4,0.375,24.1,0.362,61.5,0.505,61.7,0.486,16.1,17.9,19,15.9,0.703,12.4,11.9,73.7,9.2,7.5,25.5,23.2,0.71,0.714,3
SC Upstate,19,0.336,19.3,0.342,54.7,0.515,54.1,0.493,20.5,17.5,17.6,23.7,0.655,13.3,14,69.5,7.1,9.6,21.2,23.4,0.483,0.7,-3.7
SE Louisiana,20.5,0.364,23.8,0.382,60,0.491,58.3,0.521,17.9,17.6,19.3,19.5,0.744,12.1,14.2,72.9,8.2,8.9,22.5,24.2,0.517,0.667,-7
*SE Missouri,24.1,0.333,20.7,0.353,60.6,0.5,58.3,0.508,21.5,20.2,23.2,25.4,0.718,13,14.3,76.5,7.6,8.6,23.9,25.9,0.515,0.4,-5.9
Seattle,27.1,0.31,19.8,0.321,60.8,0.461,58,0.485,18.4,18.3,19.3,19,0.71,12,12.5,71.9,9.7,8,24.3,25.2,0.621,1,-0.2
Seton Hall,17.7,0.333,20.9,0.304,54.1,0.489,55.8,0.484,18,18.2,21.9,17.4,0.681,13.8,14.4,69.4,8.7,9.3,22.7,22.3,0.533,0.5,8.3
Siena,19,0.35,15.2,0.333,55.1,0.48,55.2,0.492,17.3,17.3,19.2,18.5,0.737,13.2,12.4,68.8,8.7,7.5,22.9,21.6,0.548,0.333,-3
SIU Edward,21.7,0.323,21.2,0.336,57.8,0.485,58.6,0.481,17.9,19.5,23.3,20.3,0.736,13.1,13.6,72.6,9.7,9,24.4,23.5,0.533,0.556,-6.4
South Dakota,22.4,0.379,23.2,0.361,55.9,0.455,57.8,0.518,17.8,16.5,15.7,18.4,0.761,11.6,9.6,68.1,6.8,8.1,22.8,24.3,0.345,0.333,-4.8
Southern,23,0.331,22,0.339,57.3,0.48,54.4,0.515,20,17.5,19.5,22.8,0.722,14.9,16.7,74,7.1,8.2,22.7,24.9,0.448,0.5,-6
St Bonavent,20.4,0.35,21.1,0.291,56.1,0.474,53.3,0.521,18.8,16.1,16.9,22.1,0.706,12.6,13.3,68.8,8.1,8.1,21.6,23.5,0.452,0.375,0.1
St Fran (NY),18.3,0.365,15.2,0.397,55.4,0.416,55.5,0.471,15.5,16.5,17.3,17.6,0.7,14.1,13,68.2,9.8,8.4,21,23,0.429,1,-10.5
St Fran (PA),20,0.364,21.2,0.337,55.9,0.504,60.3,0.526,16.7,17.2,18.3,18,0.699,12.6,10.1,69.9,7.2,9.1,23.1,23.1,0.379,0.429,-8.7
St Johns,17.4,0.332,23.9,0.352,65.2,0.499,61.4,0.492,16.4,16,18,18.8,0.696,13.7,14.7,76.2,11.3,8.9,25.4,23.7,0.548,0.333,6.5
St Josephs,26.3,0.332,24.5,0.35,58.2,0.509,58.2,0.502,17.8,17.6,20.1,19.2,0.689,13,13.4,71.7,8.8,9.2,22.8,23.8,0.467,0.5,-0.2
St Marys,20.9,0.37,16.5,0.321,56.2,0.514,51.7,0.452,16.5,16.9,17.6,15.7,0.69,10.5,12.4,65.8,9.2,5.8,23.5,20,0.807,0.375,5.8
St Peters,19.9,0.289,17.5,0.346,56.9,0.439,48.1,0.49,21.7,15.8,15.5,24.8,0.69,12.6,12.4,65.2,11.3,7.5,19.7,21.3,0.393,0.571,-5.2
St. Thomas,25.5,0.351,19.9,0.337,56.7,0.512,55.8,0.527,17.9,17,17.4,17.3,0.783,9.7,11.9,67.8,6.7,8.4,21.4,23.8,0.548,0.5,-4.4
Stanford,22.3,0.359,22.5,0.353,55.9,0.514,54.9,0.498,16.7,16.1,16.2,15.7,0.692,12.6,12.2,67.2,9.2,7.3,22.7,20.8,0.419,0,6.5
Ste F Austin,16.1,0.385,20.2,0.341,56.3,0.491,55,0.514,21.8,21.4,22.2,22.9,0.718,15.5,17.1,73.4,9.2,9.3,21.6,20.9,0.571,0.5,-1
Stetson,25.6,0.386,21.7,0.362,58.4,0.511,58.1,0.527,15.6,14.9,14.9,17.1,0.77,10.4,9.6,67.9,8,7.9,21.6,22.6,0.536,0.5,-1.7
Stonehill,21.6,0.348,24,0.346,52.4,0.499,58.8,0.49,15.1,16.4,16.9,16,0.759,13.4,13.5,69.6,5,9.6,22.5,24.4,0.433,0.75,-7.4
Stony Brook,23.3,0.311,25.7,0.338,52.6,0.481,58.8,0.499,15.6,15.9,15.5,15.4,0.752,12.8,9.1,67.1,5.6,8.2,24.5,24.4,0.29,0.444,-5
Syracuse,17.1,0.355,30,0.344,58.7,0.51,61.9,0.508,13.3,16.4,18.1,13.5,0.746,11.7,12.8,70.7,8.4,10.3,22.9,21.9,0.548,0.5,4.3
Tarleton State,13.3,0.336,21.3,0.362,52.3,0.47,49.8,0.513,21.6,21.8,25.4,23.9,0.695,12.3,16.2,70,6.6,7.4,19.3,23.6,0.444,0.444,0.1
Temple,24.2,0.332,19.5,0.333,55.3,0.503,58.4,0.479,17,17.6,19.4,18.7,0.759,13.5,11.4,70.1,7.8,8.6,24.1,22.5,0.516,0.539,4.3
Tennessee,23.4,0.326,21.9,0.255,58.8,0.507,52.6,0.441,17,18,18.4,18.8,0.708,11.9,15.1,68.2,11.7,8.1,24.3,20.7,0.71,0.429,10.7
Texas,21.5,0.345,19.9,0.333,60.5,0.541,55.9,0.479,18,18.2,19.1,19.6,0.749,11.8,16.2,73,8.7,8.2,22.9,22.6,0.742,0.875,11.5
Texas A&M,19,0.325,25.2,0.322,54.8,0.495,54.7,0.467,18.4,20.4,25.4,19.4,0.762,12.2,14.2,68.8,10.7,9,23.4,19.4,0.742,0.667,8.1
Texas State,13.8,0.314,16.9,0.364,54.4,0.485,50.9,0.49,18.4,16.6,17.7,21.2,0.724,11.5,11.9,65.6,8.9,7.2,20.6,20.9,0.438,0.6,-1.7
Texas Tech,20.7,0.348,25,0.323,56.6,0.528,58.3,0.492,15.4,17.4,19.8,16.6,0.716,13.7,14,71,8.8,9,23.8,20.4,0.516,0.125,9.3
TN Martin,22,0.319,25.9,0.323,60.3,0.519,62.8,0.505,18.9,18.3,21.8,21.3,0.716,12.3,12.3,75.2,8.3,9.5,25.8,25.1,0.517,0.556,-7.5
TN State,24.5,0.351,19.8,0.338,60,0.496,57.4,0.495,21,19.3,21.1,24.4,0.683,12.5,13.4,74.1,8.6,8.2,23.1,25.5,0.5,0.75,-8.7
TN Tech,24.7,0.373,24,0.34,58,0.481,61.3,0.521,16.2,17,17.3,15.8,0.715,12.5,12.7,71.9,7.3,9.2,23,25.2,0.433,0.571,-6.6
Toledo,21.4,0.407,22.8,0.355,61,0.54,60.7,0.519,16.4,18.6,20.8,16.5,0.776,9.7,12.9,72.3,8.1,9.4,23,22,0.8,1,-1
Towson,20.1,0.367,22.3,0.332,58.2,0.49,55.9,0.477,16.3,16.2,17.3,16.5,0.708,12.2,11.8,68.1,10.5,7.5,23.6,20.4,0.636,0.417,-1.2
Troy,23.6,0.312,19.7,0.327,57.8,0.512,55,0.484,17.3,17.5,18.8,19,0.71,12.8,14.4,70.3,8.7,8.6,22,22.5,0.567,0.5,-1.1
Tulane,22.7,0.343,26.8,0.352,60.2,0.543,63,0.489,16.5,17.7,21.3,18.7,0.782,11.2,14.8,76.9,4.8,9.7,24.6,27.3,0.655,0.714,2.6
Tulsa,24.4,0.311,24.3,0.313,57.9,0.487,60.9,0.576,15.6,16,15.4,17.1,0.649,13.3,11.9,70.7,7.8,10.2,21.3,25.9,0.172,0.125,0.5
TX A&M-CC,21.5,0.367,23.2,0.334,60.1,0.488,55.1,0.552,19.6,19,21.3,21.7,0.801,13.1,15.1,73.1,9.7,8,22.8,22.7,0.63,0.333,-7.3
TX A&M-Com,25.8,0.319,19.5,0.348,56.7,0.562,55.8,0.531,18.8,16.3,16,21.2,0.7,12.9,12.1,69.8,7.5,8.1,21.1,23,0.375,0.563,-6.6
TX Christian,17.5,0.296,20.3,0.311,60.4,0.53,58.2,0.487,16.1,16.6,20.7,17.3,0.701,12.2,15.6,72.6,10.2,9.2,23.1,22.4,0.645,0.546,10.1
TX El Paso,16.3,0.289,20.1,0.33,54.6,0.51,53.8,0.52,18.3,19.6,21.7,19.7,0.632,16,16.1,71,9.8,8.3,21.3,21.7,0.414,0.5,-0.5
TX Southern,16.9,0.29,20.5,0.343,59.3,0.477,58.5,0.495,18.8,18.7,19.8,21.8,0.65,14.6,13.1,74.1,8.9,8.2,23.4,25.2,0.31,0.364,-5.9
TX-Arlington,19.5,0.322,20.2,0.372,56.2,0.441,53.2,0.492,19.6,18,16.9,20.4,0.66,14.3,13.6,67.9,10.6,8.6,21.3,23.2,0.286,0.5,-0.8
TX-Pan Am,19.1,0.335,21.8,0.347,56.1,0.513,61.4,0.521,21,22.7,26.1,23.7,0.699,16.5,12.6,76.6,8.2,8.9,23.6,22.7,0.407,0.714,-4
TX-San Ant,21.9,0.339,23.2,0.361,56.3,0.452,61.5,0.514,17.5,18.8,21.2,19.1,0.745,13.8,10.8,71.8,8.2,9.8,22.8,24.4,0.276,0.556,-2.8
U Mass,18,0.336,23.6,0.33,60.2,0.457,57.9,0.504,17.5,18.8,19.7,19,0.716,14.1,13.6,72.6,10.9,8,23.8,22.5,0.5,0.5,0.7
U Penn,22.3,0.361,26.6,0.327,57.8,0.53,60.4,0.491,18,15.3,17.3,18.9,0.743,13.1,10.3,70.9,8.3,8.5,25.8,21.4,0.571,0.4,-0.3
UAB,19.9,0.369,22.8,0.327,63.1,0.492,61,0.468,17.7,17.9,23.1,18.9,0.727,12.9,14.1,75.1,12,8.8,25.7,21.7,0.733,0.375,1.6
UC Davis,19.8,0.343,17.4,0.366,56.4,0.497,58.1,0.486,19,21,24.2,18.6,0.708,14.6,14.9,73.4,9.1,8.6,23.1,21.8,0.552,0.364,-2.5
UC Irvine,18.7,0.37,20.6,0.318,58.2,0.503,57.2,0.443,19.3,16.8,17.2,21.2,0.731,12.2,12.1,71.2,7.5,8.1,25,23.1,0.667,0.546,-0.8
UC Riverside,22.6,0.351,15.8,0.343,60.2,0.484,54.2,0.514,18.7,16.9,15.6,20.3,0.693,12.3,11.8,70.2,9.3,5.8,23,22.9,0.645,0.818,-0.7
UC San Diego,22.3,0.33,21.1,0.371,56.8,0.496,59.4,0.497,16.1,15.5,14.8,16.5,0.74,12.2,11.2,69.8,6.3,8.6,22,24.9,0.286,0.571,-2.9
UCLA,17.6,0.349,21,0.311,61.2,0.507,53.3,0.47,15.7,16.4,16.1,14.5,0.718,10.5,16.3,69,10.5,7.3,22.2,21.5,0.871,0.75,9.4
UCSB,15.6,0.347,17,0.352,53.8,0.551,54.1,0.486,15.9,17.1,17.9,15.4,0.734,11.5,12.4,67,7,6.5,22,20,0.759,0.75,-2.4
UMKC,20.3,0.273,21.7,0.346,57,0.447,53.6,0.489,18.5,16.5,19,21.1,0.715,13.1,11.4,67.5,11.1,8.1,21.5,21.7,0.333,0.5,-5.5
UNLV,23.1,0.335,24.6,0.358,58.1,0.481,55.2,0.511,17,19.4,21,17,0.731,12.2,17.5,71.6,8.8,9,21.5,24.4,0.586,0.333,3.8
USC,18.7,0.344,22.1,0.329,56.9,0.513,60.1,0.425,17,17.5,19.1,17.6,0.743,12.4,12.5,70.7,7.9,10.2,24.2,21.8,0.71,0.571,7.5
Utah,21.7,0.335,21.3,0.302,57.8,0.485,60.1,0.448,15,16,16.9,14.4,0.71,12,10.4,68.7,9.2,8.6,26.6,22.2,0.548,0.6,6.5
*Utah State,23.4,0.391,20.5,0.354,55.8,0.546,58.9,0.461,16.6,18.9,19.7,17.2,0.774,12,11,70.3,7.4,7.3,25.7,21.2,0.767,0.5,4.9
Utah Tech,22.4,0.377,20.6,0.374,53.6,0.501,56,0.529,19.5,21.5,24.3,19.6,0.7,15,14.5,72.1,8.4,7.5,22.4,22.2,0.357,0,-0.7
Utah Val St,19.6,0.323,21.4,0.315,58.4,0.522,63.8,0.424,18.4,19.5,21.3,18.6,0.745,13.8,12.1,73.8,8.9,10.5,28.1,23.5,0.75,0.7,1.1
VA Military,26,0.342,29.3,0.374,59,0.45,58.6,0.577,15.2,14,12.4,16.4,0.758,13,9.9,68.7,8.9,8,22.4,24.4,0.138,0.333,-5.1
VA Tech,23.1,0.361,20.9,0.335,58.5,0.54,58.6,0.498,15.6,15.5,15.1,14.9,0.735,9.9,11.1,68.3,7.5,8.2,23.6,23,0.581,0.455,6.2
Valparaiso,20.9,0.292,22.1,0.343,57.6,0.519,58.5,0.516,16.8,14.8,16.1,18.6,0.725,12.7,11,71.5,6.4,7.1,24.5,24.4,0.323,0.4,-2.6
Vanderbilt,25,0.34,22.1,0.313,59.4,0.483,59.6,0.504,16.4,17.6,18.7,18.6,0.711,10.6,10.1,69,10.2,9.4,23.5,23.9,0.581,0.714,7.9
VCU,17.4,0.336,18.6,0.327,53.5,0.518,54.4,0.463,16.3,19.8,22.7,16.5,0.705,13.7,16.9,70.4,8.1,8.2,22.4,21.9,0.774,0.667,2.3
Vermont,24.1,0.365,19.9,0.347,55.6,0.547,55.5,0.503,15.1,15.5,15.7,14.8,0.705,9.6,11,67.4,5.3,6.1,23.6,24.4,0.667,0.667,-1.1
Villanova,25.6,0.332,22.9,0.337,53.7,0.533,55.1,0.512,16.1,15.7,17,15.2,0.823,10.3,11.5,66.7,5.9,6.7,22.8,22.8,0.516,0.455,8.6
Virginia,19.6,0.359,20.6,0.344,53.6,0.502,52.1,0.468,14,16.3,18.5,13,0.7,8.6,12.4,64.1,6.9,6.5,22.4,22.2,0.793,0.75,7.3
W Carolina,24,0.336,17.4,0.331,57.9,0.481,57.7,0.517,17.9,17.2,20,19.6,0.71,10.7,10.8,70.6,7.5,7.4,24,25,0.5,0.714,-3.4
W Illinois,21.8,0.315,18.8,0.339,58.1,0.518,58.3,0.546,15,17.8,18.2,16,0.699,10.3,11.2,69.4,8.1,7.3,21.3,24,0.482,0.625,-6
W Kentucky,20.4,0.35,25.4,0.369,56.9,0.491,59.8,0.473,14.9,16.8,18.1,15.7,0.713,11.7,12.1,70,7.4,9.2,22.9,23.4,0.483,0.546,-0.3
W Michigan,24.4,0.321,22.8,0.37,58,0.493,57.3,0.544,17.5,16.5,16.1,19,0.723,12.8,9.6,68.1,10,8.1,22.1,22.3,0.179,0,-4.9
W Virginia,20.8,0.352,19.1,0.343,57.3,0.514,54.6,0.503,18.8,21.8,23.4,21.5,0.739,13.1,14.7,71.5,9.9,8.1,21.5,20.7,0.581,0.429,11
Wagner,20.3,0.302,17.3,0.315,57.3,0.447,47.2,0.502,19.4,14.6,14.4,22.2,0.683,12.2,13.3,65.4,10.5,6.1,21.1,22,0.5,0.556,-8.7
Wake Forest,26,0.366,23.6,0.345,57.5,0.542,60.2,0.514,16,18,18.9,16.2,0.746,12.1,12.2,72,6.5,8.2,24.3,23.9,0.581,0.455,5.7
Wash State,24.4,0.365,17.6,0.323,56.4,0.469,54.9,0.506,15.9,16.8,16,15.6,0.712,12.1,10.7,66,9.6,7.5,22.5,22.2,0.516,0.5,7.4
Washington,20.8,0.315,23.3,0.298,57,0.498,62.5,0.484,16.6,17.4,18.1,16.1,0.746,14.1,13,72,7.6,11.3,23.6,22.8,0.516,0.667,5.7
Weber State,19.6,0.332,21.9,0.37,51.8,0.523,53.1,0.515,17.5,17.5,17.5,16.5,0.761,12.7,12.7,67.5,5.1,6.3,22.6,23.5,0.533,0.75,-2.3
WI-Grn Bay,22.6,0.302,19.8,0.35,52,0.465,57.3,0.56,16.9,16.6,16.4,18.1,0.702,14,10.7,67.9,5.8,8.7,19.5,25.5,0.094,0.333,-4.6
WI-Milwkee,22.9,0.35,26.9,0.314,59.8,0.514,64.7,0.49,18,17.5,19.1,19,0.731,15.8,13,75.3,10,10.9,24.7,22.2,0.621,0.769,-4.8
Wichita St,21.5,0.305,24.4,0.334,56.9,0.537,60.5,0.452,14.9,15.5,17.9,15.5,0.715,12.8,11.7,70.3,8.2,9.1,25.2,22.4,0.533,0.455,3.5
Winthrop,23.1,0.379,22.3,0.358,51.5,0.538,58.6,0.555,17.1,20.5,21.4,18.1,0.747,13.9,11.7,69,6.4,10,20.5,21.5,0.433,0.5,-3.4
Wisconsin,23.3,0.355,19.3,0.32,57.2,0.459,53.6,0.512,15.9,16,13.7,14.7,0.673,8.7,11.9,65.8,6.5,6.9,22.6,26.1,0.567,0.611,9.3
Wm & Mary,20.7,0.363,20.8,0.355,54.7,0.463,56.5,0.543,16.2,15.4,16,15.5,0.679,12.3,11.1,66.7,7.7,8.4,20.9,23.2,0.355,0.625,-5
Wofford,22.3,0.321,24.6,0.353,57.1,0.55,57.4,0.561,14.6,16.4,17.1,15.1,0.732,10.9,11,68,7.7,8,21.4,21.7,0.467,0.539,-2.4
Wright State,17.6,0.351,23.7,0.326,62.7,0.539,62.6,0.512,15.8,15.6,15,17.3,0.745,12.7,12.7,75,7.6,8.5,25.6,24.2,0.516,0.333,-4.1
Wyoming,24.2,0.348,22.2,0.367,53.2,0.514,55.4,0.524,15.5,17.1,17.8,15.8,0.715,12.1,11,67.2,6.5,6.8,22.3,22.8,0.276,0.143,3.6
Xavier,19.1,0.398,20.9,0.361,60.8,0.547,61.8,0.484,16.2,17.7,19.1,17.1,0.717,12.8,12.1,73.9,8.9,7.9,25.9,21.1,0.742,0.571,9.6
Yale,20.2,0.35,21.7,0.328,58.2,0.536,54.1,0.459,17.8,17.6,17.8,18.2,0.699,11.1,12.8,69.2,8.3,6.6,25.7,22.4,0.72,0.5,0.2
Youngs St,21,0.365,20.2,0.345,60.7,0.552,59.8,0.517,16.3,16.3,18,15.8,0.778,11,12.6,71.6,8.5,8.5,23,20.9,0.71,0.556,-4.3
